# Nb2O5, literature reference, NOT from this campaign. Optical constants of the universal dispersion model of D. Franta, B. Hroncova, J. Dvorak, J. Vohanka, P. Franta, I. Ohlidal, V. Pekar and D. Skoda, Opt. Mater. 157, 116133 (2024), for magnetron-sputtered Nb2O5 films made on another plant. Tabulated from the refractiveindex.info entry 'main/Nb2O5/Franta', 250-4848 nm. Used only as a deliberately foreign starting point for the in situ multi-start test of Section 6; never as a result. sigma_n is a flat placeholder of 0.01 and carries no published meaning: nothing in the deposit reads it for this table.
Wavelength_nm,n,k,sigma_n
250.0,2.738378743738437,1.2932583748984379,0.01
252.0,2.7735866973923926,1.2757518363363853,0.01
254.0,2.8083363094286673,1.2561350807146665,0.01
256.0,2.842479210599422,1.2344543040257825,0.01
258.0,2.8757574630366665,1.2107055400522226,0.01
260.0,2.9080238902378928,1.1849244843113211,0.01
262.0,2.9390661814700163,1.157220299666894,0.01
264.0,2.9686646576955265,1.127644635975526,0.01
266.0,2.996682354702794,1.0963267366085296,0.01
268.0,3.0229575588323985,1.0634196473883148,0.01
270.0,3.047339081331079,1.0290856675232367,0.01
272.0,3.069677498642249,0.9934458367356235,0.01
274.0,3.089891502615309,0.9567434680540569,0.01
276.0,3.107918357701415,0.919141256588679,0.01
278.0,3.1236930644774064,0.8808535706159907,0.01
280.0,3.137188894085248,0.8420658290802953,0.01
282.0,3.148391466598813,0.8029912730512299,0.01
284.0,3.15731853714536,0.7638081827336249,0.01
286.0,3.16400068247,0.724716737451,0.01
288.0,3.168485790487455,0.6858938183921913,0.01
290.0,3.1708557871136676,0.6474805358694249,0.01
292.0,3.1711915581667456,0.6096457336471541,0.01
294.0,3.169583684606923,0.5725247517620006,0.01
296.0,3.166132525093304,0.5362397118512024,0.01
298.0,3.1609520768473613,0.5008943656471546,0.01
300.0,3.1541579450437394,0.4665834303621381,0.01
302.0,3.145870510007194,0.4333930879411079,0.01
304.0,3.1362048129113567,0.4013712822831139,0.01
306.0,3.1252832715322696,0.37058332417365236,0.01
308.0,3.113215731317324,0.3410514937534285,0.01
310.0,3.100119696385147,0.3128182972910068,0.01
312.0,3.0860834203732312,0.2859354747751056,0.01
314.0,3.0712344715972892,0.26037951414322535,0.01
316.0,3.0556708339081458,0.2361508333741799,0.01
318.0,3.0394758119410095,0.21323288103689073,0.01
320.0,3.022737704918669,0.19167757633686044,0.01
322.0,3.005543713945364,0.17144010736095158,0.01
324.0,2.9879646582728685,0.15249028549025082,0.01
326.0,2.970062551027787,0.1348465624912801,0.01
328.0,2.9518956950700663,0.11850659825125709,0.01
330.0,2.933543129936105,0.10344726577447393,0.01
332.0,2.915068325957971,0.0897171988250413,0.01
334.0,2.896550525060299,0.07731095788541135,0.01
336.0,2.8781011457090426,0.06621998141551158,0.01
338.0,2.8598546520652954,0.05650861686859915,0.01
340.0,2.841942920904227,0.04806563202618385,0.01
342.0,2.8245296195134566,0.04087872821320323,0.01
344.0,2.807730550176162,0.034788139373235376,0.01
346.0,2.7916552745109295,0.029668212483716826,0.01
348.0,2.7763395195332543,0.025334018124419724,0.01
350.0,2.761785646463913,0.02163631171769504,0.01
352.0,2.747929299515006,0.018440279123726845,0.01
354.0,2.734715270447816,0.015684936946848457,0.01
356.0,2.7220889729334226,0.01334670460155224,0.01
358.0,2.7101887661082547,0.01138435083893346,0.01
360.0,2.6988896136495533,0.00954785711434855,0.01
362.0,2.688061754657698,0.007822545991934523,0.01
364.0,2.67759261018599,0.006233090283310816,0.01
366.0,2.66745281958468,0.004820800897480739,0.01
368.0,2.657644670164151,0.0036206369588890515,0.01
370.0,2.6481609757507525,0.002633687666267019,0.01
372.0,2.6390361608540607,0.0018603217431901115,0.01
374.0,2.630275818030871,0.0012772999871993361,0.01
376.0,2.6218818859707045,0.000850576579018354,0.01
378.0,2.6138526606730195,0.0005514264895474934,0.01
380.0,2.606180721453086,0.0003495464291583421,0.01
382.0,2.5988398627933638,0.00021582576682162259,0.01
384.0,2.5918059066479953,0.00012993500689250528,0.01
386.0,2.5850732399329135,7.738205242430819e-05,0.01
388.0,2.578604844806353,4.5388345596307675e-05,0.01
390.0,2.572383532780891,2.631203021554443e-05,0.01
392.0,2.5663893100554493,1.5178944158927533e-05,0.01
394.0,2.5606137604921804,8.877198869057974e-06,0.01
396.0,2.5550372270523685,5.3145612662625e-06,0.01
398.0,2.5496463307912993,3.289932223888492e-06,0.01
400.0,2.5444272439975,2.137784135616573e-06,0.01
402.0,2.5393722571061623,1.4766142073610253e-06,0.01
404.0,2.53447140571797,1.0910702130083897e-06,0.01
406.0,2.5297216094375825,8.629946977272288e-07,0.01
408.0,2.525109224678851,7.216811078638344e-07,0.01
410.0,2.520628731097203,6.319858318325457e-07,0.01
412.0,2.51627419447961,5.739845348784231e-07,0.01
414.0,2.512039009630325,5.361362691635521e-07,0.01
416.0,2.507918936179833,5.115687972225283e-07,0.01
418.0,2.5039072202735553,4.960128181631302e-07,0.01
420.0,2.500000462047598,4.867389141371646e-07,0.01
422.0,2.4961942373600827,4.819264276000927e-07,0.01
424.0,2.49248439471,4.80330457628e-07,0.01
426.0,2.4888698054359937,4.810981391574098e-07,0.01
428.0,2.4853420667146042,4.835828986598275e-07,0.01
430.0,2.4818995022272956,4.873465830242361e-07,0.01
432.0,2.478538809504729,4.920713408780421e-07,0.01
434.0,2.47525828196411,4.9752267618932e-07,0.01
436.0,2.472052108280647,5.035355670948635e-07,0.01
438.0,2.468920489259376,5.0997939422971e-07,0.01
440.0,2.4658605356628995,5.167619139788876e-07,0.01
442.0,2.4628669933002847,5.238213274925859e-07,0.01
444.0,2.459940261087849,5.31100677030739e-07,0.01
446.0,2.45707716801577,5.385672113556609e-07,0.01
448.0,2.454276850071913,5.461885814487252e-07,0.01
450.0,2.4515353578304055,5.539476248921102e-07,0.01
452.0,2.4488520987087115,5.61825097976423e-07,0.01
454.0,2.446225107878947,5.698095800088612e-07,0.01
456.0,2.443651236551314,5.778966504362324e-07,0.01
458.0,2.4411294028936243,5.860780988172695e-07,0.01
460.0,2.4386585428598115,5.943472649252122e-07,0.01
462.0,2.4362372924034115,6.026997602280282e-07,0.01
464.0,2.4338631033057436,6.111365533493145e-07,0.01
466.0,2.4315352206959497,6.19653297744366e-07,0.01
468.0,2.4292536725032683,6.282517064394365e-07,0.01
470.0,2.427015881157643,6.36928590766403e-07,0.01
472.0,2.4248196569098712,6.456854288647192e-07,0.01
474.0,2.422665173617369,6.545161179790202e-07,0.01
476.0,2.4205496099538193,6.634270676750438e-07,0.01
478.0,2.4184732204887296,6.724122598863375e-07,0.01
480.0,2.41643572096125,6.814770394441249e-07,0.01
482.0,2.414435303574094,6.90620413338524e-07,0.01
484.0,2.412470660099713,6.998390288015094e-07,0.01
486.0,2.410540608660232,7.091338214219249e-07,0.01
488.0,2.4086438773749332,7.185064968517866e-07,0.01
490.0,2.4067813559807365,7.27961245260716e-07,0.01
492.0,2.404951447446549,7.374930884769745e-07,0.01
494.0,2.4031523004530406,7.471031246523164e-07,0.01
496.0,2.401382937622441,7.567924552578242e-07,0.01
498.0,2.399644660984363,7.665604751491508e-07,0.01
500.0,2.3979356140909385,7.764120473351364e-07,0.01
502.0,2.3962548317726817,7.863391379869031e-07,0.01
504.0,2.3946007962758435,7.963466072945408e-07,0.01
506.0,2.392975280286529,8.064373107539081e-07,0.01
508.0,2.391376448778503,8.166061841711498e-07,0.01
510.0,2.3898023969574975,8.268558173239362e-07,0.01
512.0,2.38825350278129,8.371880375119036e-07,0.01
514.0,2.3867296178354014,8.476095081710136e-07,0.01
516.0,2.3852294677331707,8.581072482195845e-07,0.01
518.0,2.383752814325604,8.686819408027517e-07,0.01
520.0,2.3822999372638596,8.793498017835542e-07,0.01
522.0,2.3808688339213226,8.900962937317039e-07,0.01
524.0,2.37945852897756,9.009281450583749e-07,0.01
526.0,2.3780716032727662,9.118464657178026e-07,0.01
528.0,2.3767048890079194,9.2284403299308e-07,0.01
530.0,2.375357840479721,9.339299135013158e-07,0.01
532.0,2.3740322522518613,9.451024854521579e-07,0.01
534.0,2.3727254709606505,9.56354729254614e-07,0.01
536.0,2.3714382054493357,9.676958844359109e-07,0.01
538.0,2.37016984630456,9.791253822461607e-07,0.01
540.0,2.368918940616064,9.90635555434296e-07,0.01
542.0,2.3676873601528228,1.0022412020398252e-06,0.01
544.0,2.3664727193955146,1.013927789165986e-06,0.01
546.0,2.3652749999357643,1.0257064236068314e-06,0.01
548.0,2.3640953927006976,1.0375678500658e-06,0.01
550.0,2.3629307865290117,1.0495162169985771e-06,0.01
552.0,2.36178353428,1.061566430319292e-06,0.01
554.0,2.3606516848265935,1.0736921356098982e-06,0.01
556.0,2.359535768778827,1.08591424164552e-06,0.01
558.0,2.3584349806645526,1.0982226900675327e-06,0.01
560.0,2.3573490110058883,1.1106208827337778e-06,0.01
562.0,2.3562780309096683,1.1231132622079842e-06,0.01
564.0,2.355220798750085,1.1356909735428994e-06,0.01
566.0,2.3541788445126635,1.148363430413684e-06,0.01
568.0,2.3531495562789058,1.161119654971645e-06,0.01
570.0,2.352134683458308,1.1739830591011207e-06,0.01
572.0,2.351132307734514,1.1869235562527768e-06,0.01
574.0,2.3501439848333434,1.1999688013369516e-06,0.01
576.0,2.3491677260884476,1.2130930643882061e-06,0.01
578.0,2.348204632785267,1.2263251589736966e-06,0.01
580.0,2.347253203786557,1.2396378828546706e-06,0.01
582.0,2.3463144223437316,1.2530594374063137e-06,0.01
584.0,2.3453868788845216,1.2665614747370602e-06,0.01
586.0,2.3444724006267084,1.2801621013427876e-06,0.01
588.0,2.3435677142041373,1.2938558812318803e-06,0.01
590.0,2.342675838419374,1.3076504943426216e-06,0.01
592.0,2.3417937620287006,1.3215327596600738e-06,0.01
594.0,2.3409236620016958,1.3355186987138008e-06,0.01
596.0,2.340063262987002,1.3495953185609191e-06,0.01
598.0,2.339213968332656,1.363774503362235e-06,0.01
600.0,2.3383745557727176,1.378046787847478e-06,0.01
602.0,2.337545491922113,1.3924164898704538e-06,0.01
604.0,2.33672638400082,1.4068859804179275e-06,0.01
606.0,2.3359168936705155,1.4214450331582809e-06,0.01
608.0,2.3351172934057716,1.436115851472343e-06,0.01
610.0,2.3343264806263435,1.4508729293219313e-06,0.01
612.0,2.3335460877287866,1.4657355725302482e-06,0.01
614.0,2.3327739309829654,1.4806955374572676e-06,0.01
616.0,2.332010980619479,1.4957566781337208e-06,0.01
618.0,2.331257014160773,1.5109186200455727e-06,0.01
620.0,2.3305112205422116,1.5261717418202804e-06,0.01
622.0,2.329774664486571,1.541541394449169e-06,0.01
624.0,2.3290459276843385,1.557001769930244e-06,0.01
626.0,2.328325745540062,1.572565150820852e-06,0.01
628.0,2.327613797464367,1.5882321604962832e-06,0.01
630.0,2.326909089823361,1.6039965389233476e-06,0.01
632.0,2.3262133511723713,1.6198691822273197e-06,0.01
634.0,2.3255248108309248,1.6358397276166784e-06,0.01
636.0,2.3248435739383835,1.651913816295205e-06,0.01
638.0,2.3241704812806603,1.6680971937008777e-06,0.01
640.0,2.323504289727339,1.684375794727311e-06,0.01
642.0,2.3228454546052535,1.7007625109699595e-06,0.01
644.0,2.3221939178616924,1.7172591998892717e-06,0.01
646.0,2.321548983847241,1.7338526758112117e-06,0.01
648.0,2.320911449396122,1.7505532798345213e-06,0.01
650.0,2.320280583673463,1.7673659213837967e-06,0.01
652.0,2.3196560479397066,1.7842765953957866e-06,0.01
654.0,2.319038750407107,1.8012927539907961e-06,0.01
656.0,2.318427773970768,1.8184221494133968e-06,0.01
658.0,2.3178228441568693,1.8356514274910296e-06,0.01
660.0,2.317224428404911,1.8529948226377514e-06,0.01
662.0,2.316632444507244,1.8704460801526444e-06,0.01
664.0,2.3160462287392867,1.8879994016406153e-06,0.01
666.0,2.31546627130178,1.9056564729031426e-06,0.01
668.0,2.314892291240832,1.9234389269131515e-06,0.01
670.0,2.314324111509883,1.94131640580179e-06,0.01
672.0,2.313761166798355,1.9593055463590645e-06,0.01
674.0,2.313204941256134,1.977406634568692e-06,0.01
676.0,2.3126536638944923,1.9956242208568193e-06,0.01
678.0,2.3121078163663653,2.0139407982608657e-06,0.01
680.0,2.311567770712055,2.0323673854652654e-06,0.01
682.0,2.311033036980446,2.0509172191754527e-06,0.01
684.0,2.310503454908,2.0695693462846285e-06,0.01
686.0,2.3099789009610645,2.088326309623834e-06,0.01
688.0,2.3094597369599184,2.1072145020720882e-06,0.01
690.0,2.3089456771801764,2.1262084501239523e-06,0.01
692.0,2.3084365270647456,2.1453054780131203e-06,0.01
694.0,2.307931971805282,2.1645156765883447e-06,0.01
696.0,2.3074328428689457,2.1838519581267936e-06,0.01
698.0,2.3069383109336568,2.203298585852537e-06,0.01
700.0,2.306448427598659,2.2228504082250965e-06,0.01
702.0,2.305962767626617,2.24252277966109e-06,0.01
704.0,2.3054824396631566,2.2623095657580515e-06,0.01
706.0,2.305006410241353,2.2822155655563837e-06,0.01
708.0,2.30453461662,2.3022360267766667e-06,0.01
710.0,2.304067238930086,2.3223615257929504e-06,0.01
712.0,2.303604294592084,2.3426124720281356e-06,0.01
714.0,2.3031457796086316,2.3629856037972207e-06,0.01
716.0,2.302691346201856,2.3834723347919584e-06,0.01
718.0,2.3022409986534624,2.404070722858595e-06,0.01
720.0,2.3017946047406763,2.4247850866444442e-06,0.01
722.0,2.3013526953417065,2.4456249841924517e-06,0.01
724.0,2.300914736720456,2.466583919035135e-06,0.01
726.0,2.3004806105787856,2.487658615692284e-06,0.01
728.0,2.300050294847785,2.5088484143375105e-06,0.01
730.0,2.2996236801773913,2.5301570005978263e-06,0.01
732.0,2.2992012014643097,2.5515925576346355e-06,0.01
734.0,2.2987825240562803,2.5731471080537554e-06,0.01
736.0,2.298367378818217,2.5948231645142857e-06,0.01
738.0,2.297955832378146,2.6166155558981982e-06,0.01
740.0,2.2975477588223034,2.6385292324622733e-06,0.01
742.0,2.2971434287304913,2.6605563465432745e-06,0.01
744.0,2.2967426960603032,2.6827245561232665e-06,0.01
746.0,2.2963454453022454,2.7050075041742174e-06,0.01
748.0,2.295951610067317,2.7274070264012016e-06,0.01
750.0,2.2955609761005737,2.7499336293046346e-06,0.01
752.0,2.2951736268618497,2.772580879850295e-06,0.01
754.0,2.2947895350458865,2.7953498467302647e-06,0.01
756.0,2.294409031773471,2.818252541372915e-06,0.01
758.0,2.2940318113598623,2.841269614827182e-06,0.01
760.0,2.2936575471852914,2.8644193419990404e-06,0.01
762.0,2.2932863613666936,2.8876925997780165e-06,0.01
764.0,2.2929182168774744,2.911089977700341e-06,0.01
766.0,2.292553234349007,2.934601914313896e-06,0.01
768.0,2.2921910873169873,2.9582476251677856e-06,0.01
770.0,2.291832157945448,2.982031902084727e-06,0.01
772.0,2.2914763051142724,3.005931065758162e-06,0.01
774.0,2.2911232366177106,3.0299616520857964e-06,0.01
776.0,2.2907729415454448,3.0541228303332907e-06,0.01
778.0,2.2904255394093966,3.0784045673218596e-06,0.01
780.0,2.290080887487716,3.1028149987032654e-06,0.01
782.0,2.289738953404786,3.127354720772141e-06,0.01
784.0,2.289399866131319,3.1520126106204824e-06,0.01
786.0,2.2890634110916555,3.17681742290447e-06,0.01
788.0,2.288729845294681,3.2017461297546807e-06,0.01
790.0,2.28839886046689,3.226806315955264e-06,0.01
792.0,2.2880704266244076,3.251998580315822e-06,0.01
794.0,2.287744587839213,3.277317758799294e-06,0.01
796.0,2.2874212551585535,3.3027689788423203e-06,0.01
798.0,2.2871003991327274,3.3283528528881825e-06,0.01
800.0,2.286782048391255,3.35406531939e-06,0.01
802.0,2.2864662292923077,3.3799023137046152e-06,0.01
804.0,2.2861526887309624,3.4058827898875224e-06,0.01
806.0,2.285841617944412,3.431989283165813e-06,0.01
808.0,2.285532981166892,3.4582358186712405e-06,0.01
810.0,2.2852268318897586,3.4846111287494427e-06,0.01
812.0,2.2849228254917637,3.5111342463770233e-06,0.01
814.0,2.2846212242520254,3.5377804762025164e-06,0.01
816.0,2.2843219017051197,3.5645590085456198e-06,0.01
818.0,2.284024707334363,3.591481683061163e-06,0.01
820.0,2.283729834566035,3.6185291439451724e-06,0.01
822.0,2.2834371072336785,3.645715653957674e-06,0.01
824.0,2.2831465682602214,3.673035451297998e-06,0.01
826.0,2.282858163983577,3.70049174507161e-06,0.01
828.0,2.2825718487725237,3.7280871281110077e-06,0.01
830.0,2.2822876217364763,3.755819938789675e-06,0.01
832.0,2.2820055112958118,3.7836855393311226e-06,0.01
834.0,2.281725427156863,3.8116909802957375e-06,0.01
836.0,2.2814473064749037,3.839840871815829e-06,0.01
838.0,2.2811712486153732,3.868123395036141e-06,0.01
840.0,2.2808971311308692,3.896549213076956e-06,0.01
842.0,2.2806250393560297,3.9251076713402424e-06,0.01
844.0,2.280354833531731,3.953811541211618e-06,0.01
846.0,2.280086623068564,3.982648756371272e-06,0.01
848.0,2.2798202878794833,4.011635991785008e-06,0.01
850.0,2.2795558900798674,4.040756788422445e-06,0.01
852.0,2.2792932871032585,4.07002509494055e-06,0.01
854.0,2.2790325724060976,4.099428618854207e-06,0.01
856.0,2.2787736163679826,4.12898021966999e-06,0.01
858.0,2.278516502025296,4.158668561903623e-06,0.01
860.0,2.2782611099428354,4.188505675273592e-06,0.01
862.0,2.278007533168168,4.218478799584202e-06,0.01
864.0,2.2777557317394326,4.248590642796027e-06,0.01
866.0,2.2775055777682756,4.278854794685478e-06,0.01
868.0,2.2772570916192203,4.309267166708044e-06,0.01
870.0,2.2770104252022243,4.339807031027392e-06,0.01
872.0,2.2767653505380836,4.3705007510160985e-06,0.01
874.0,2.2765218683103776,4.4013466765391644e-06,0.01
876.0,2.2762800626288016,4.4323322860340265e-06,0.01
878.0,2.276039898625536,4.463460057360415e-06,0.01
880.0,2.275801270469329,4.494741987177672e-06,0.01
882.0,2.2755642627636843,4.526165131930723e-06,0.01
884.0,2.2753288466396566,4.557731326214159e-06,0.01
886.0,2.2750949175218795,4.589452878084903e-06,0.01
888.0,2.2748626493736315,4.6213040580194125e-06,0.01
890.0,2.274631717453655,4.653327884485999e-06,0.01
892.0,2.2744024286232456,4.68548034513902e-06,0.01
894.0,2.2741745839246112,4.717796661806779e-06,0.01
896.0,2.2739482396066375,4.750258134162343e-06,0.01
898.0,2.2737233786170763,4.7828652092879665e-06,0.01
900.0,2.273499983979662,4.815618352600392e-06,0.01
902.0,2.2732779457972,4.8485318563848e-06,0.01
904.0,2.273057328517731,4.881594501308538e-06,0.01
906.0,2.2728381296837936,4.914804715540154e-06,0.01
908.0,2.272620333192737,4.948162958312747e-06,0.01
910.0,2.272403850301318,4.981681007460446e-06,0.01
912.0,2.27218870928081,5.015352803072253e-06,0.01
914.0,2.271974987004323,5.049164287913492e-06,0.01
916.0,2.2717625887446706,5.083128349197392e-06,0.01
918.0,2.271551472298316,5.117249941135297e-06,0.01
920.0,2.271341623624589,5.151529623349357e-06,0.01
922.0,2.271133056301525,5.18596339441144e-06,0.01
924.0,2.270925800658449,5.2205442584153185e-06,0.01
926.0,2.2707197739802907,5.2552841315893524e-06,0.01
928.0,2.2705150548300375,5.2901677524688316e-06,0.01
930.0,2.270311511964813,5.32521565757028e-06,0.01
932.0,2.2701092742690783,5.360403585447932e-06,0.01
934.0,2.2699081891573463,5.395764601257988e-06,0.01
936.0,2.269708376393465,5.4312894566517544e-06,0.01
938.0,2.269509753209606,5.4669697660313395e-06,0.01
940.0,2.269312306575451,5.502805958220708e-06,0.01
942.0,2.2691160235905166,5.538798459037989e-06,0.01
944.0,2.268920891553171,5.574947691169554e-06,0.01
946.0,2.2687269486664206,5.611244532612983e-06,0.01
948.0,2.268534126445428,5.647699747822011e-06,0.01
950.0,2.268342372055928,5.68432159127568e-06,0.01
952.0,2.268151719438577,5.72110182439134e-06,0.01
954.0,2.2679621567064605,5.758040853596933e-06,0.01
956.0,2.2677736807189564,5.795137374777477e-06,0.01
958.0,2.2675863483323866,5.832378386138638e-06,0.01
960.0,2.267400106199375,5.869814796250815e-06,0.01
962.0,2.2672149833685458,5.907397078296116e-06,0.01
964.0,2.2670308362723715,5.945152334481695e-06,0.01
966.0,2.266847749635953,5.983061451618858e-06,0.01
968.0,2.266665699902598,6.0211272160984924e-06,0.01
970.0,2.266484649739342,6.059355482071952e-06,0.01
972.0,2.266304588566369,6.097746631592051e-06,0.01
974.0,2.266125505934866,6.136301042315508e-06,0.01
976.0,2.265947398918018,6.175017464059413e-06,0.01
978.0,2.2657703543224623,6.213887981712746e-06,0.01
980.0,2.2655942839968146,6.252957890826843e-06,0.01
982.0,2.265419214725009,6.2921792035871155e-06,0.01
984.0,2.2652450851621326,6.331563508907302e-06,0.01
986.0,2.2650719173857508,6.371103794495297e-06,0.01
988.0,2.2648996554377496,6.410810845007692e-06,0.01
990.0,2.264728272827615,6.45068902549572e-06,0.01
992.0,2.2645578308861154,6.490722087376903e-06,0.01
994.0,2.2643882681079703,6.530922508642764e-06,0.01
996.0,2.264219698889289,6.571314832675936e-06,0.01
998.0,2.2640520781099345,6.611865040511075e-06,0.01
1000.0,2.2638851062351697,6.652633897280602e-06,0.01
1002.0,2.263719192980736,6.693519770846019e-06,0.01
1004.0,2.263554172143939,6.734560691767013e-06,0.01
1006.0,2.2633898676261204,6.775798899431465e-06,0.01
1008.0,2.263226598218621,6.817151934363968e-06,0.01
1010.0,2.2630638731151724,6.858765623036379e-06,0.01
1012.0,2.262902385788755,6.900488657994464e-06,0.01
1014.0,2.262741974212735,6.9423086763187615e-06,0.01
1016.0,2.2625822042423076,6.984336121964615e-06,0.01
1018.0,2.262422924692906,7.026610735759615e-06,0.01
1020.0,2.2622643180304256,7.069083908898937e-06,0.01
1022.0,2.262106748092034,7.111655404982202e-06,0.01
1024.0,2.2619502973123726,7.15433505730424e-06,0.01
1026.0,2.2617943719384748,7.197293161574404e-06,0.01
1028.0,2.2616389117254236,7.2405010572835564e-06,0.01
1030.0,2.261484642225882,7.28375499350647e-06,0.01
1032.0,2.2613311586965823,7.327164247674683e-06,0.01
1034.0,2.2611779565982846,7.370871613702676e-06,0.01
1036.0,2.261026247778201,7.4145314586901255e-06,0.01
1038.0,2.260874448032773,7.458680845112855e-06,0.01
1040.0,2.2607240889666667,7.5027893457633336e-06,0.01
1042.0,2.26057441008,7.547074124820002e-06,0.01
1044.0,2.2604251559633335,7.591610117340002e-06,0.01
1046.0,2.260276447381618,7.636361294844229e-06,0.01
1048.0,2.2601286514397096,7.681216875765388e-06,0.01
1050.0,2.2599819772983887,7.726203484779047e-06,0.01
1052.0,2.2598357113305787,7.771441416316857e-06,0.01
1054.0,2.2596901928670783,7.816824959193703e-06,0.01
1056.0,2.2595453264792593,7.862381515964075e-06,0.01
1058.0,2.259400939947869,7.908164252421434e-06,0.01
1060.0,2.2592574848986886,7.954063287396847e-06,0.01
1062.0,2.259114486101967,8.000263779872256e-06,0.01
1064.0,2.258972279338735,8.046586166246696e-06,0.01
1066.0,2.25883089660561,8.09301626471317e-06,0.01
1068.0,2.258690183810894,8.139601443593252e-06,0.01
1070.0,2.2585498390206507,8.186440979339593e-06,0.01
1072.0,2.258409959053171,8.233606508819271e-06,0.01
1074.0,2.2582713390399194,8.280734095003632e-06,0.01
1076.0,2.2581330018168018,8.328141358202432e-06,0.01
1078.0,2.2579951162324097,8.375770925795182e-06,0.01
1080.0,2.2578583373306422,8.423392038391964e-06,0.01
1082.0,2.2577219807683937,8.471327675420081e-06,0.01
1084.0,2.257585995893494,8.519544333861449e-06,0.01
1086.0,2.25745066337472,8.567906794949282e-06,0.01
1088.0,2.257316068705737,8.616381128762073e-06,0.01
1090.0,2.257182161635418,8.664981772017652e-06,0.01
1092.0,2.257048658240996,8.713901788519644e-06,0.01
1094.0,2.2569159428385714,8.762946648087142e-06,0.01
1096.0,2.256783639943333,8.812214279261111e-06,0.01
1098.0,2.2566518086979444,8.861681809103362e-06,0.01
1100.0,2.2565206715135826,8.911263054435156e-06,0.01
1102.0,2.2563904356159448,8.960994788868228e-06,0.01
1104.0,2.2562605165608267,9.010997071171338e-06,0.01
1106.0,2.256131149397294,9.06116086901788e-06,0.01
1108.0,2.2560023352649017,9.111483277752311e-06,0.01
1110.0,2.2558738376962744,9.162084433171925e-06,0.01
1112.0,2.255746193365078,9.212837617203632e-06,0.01
1114.0,2.2556188631398046,9.263839795955115e-06,0.01
1116.0,2.255492196405349,9.314949323366046e-06,0.01
1118.0,2.2553663672325293,9.366090634803504e-06,0.01
1120.0,2.2552404475749417,9.417742103893e-06,0.01
1122.0,2.255115626031274,9.469365925342626e-06,0.01
1124.0,2.2549910099591473,9.521276215237674e-06,0.01
1126.0,2.2548666450676924,9.573455001715578e-06,0.01
1128.0,2.2547433143907694,9.625608327384805e-06,0.01
1130.0,2.254620328126923,9.67810504963423e-06,0.01
1132.0,2.254497894085249,9.73073664219824e-06,0.01
1134.0,2.2543758913076246,9.783552507859235e-06,0.01
1136.0,2.2542541488605723,9.836626102220191e-06,0.01
1138.0,2.2541332188987404,9.889870970899582e-06,0.01
1140.0,2.25401254065958,9.943383149553168e-06,0.01
1142.0,2.2538922881290877,9.99707692109308e-06,0.01
1144.0,2.2537725904560606,1.0050891745848486e-05,0.01
1146.0,2.253653630531818,1.0104870291454545e-05,0.01
1148.0,2.2535349329745453,1.0159141061896971e-05,0.01
1150.0,2.253416665216981,1.0213583613412079e-05,0.01
1152.0,2.253298928682556,1.0268148287765038e-05,0.01
1154.0,2.25318188209609,1.032287412137406e-05,0.01
1156.0,2.253065097445827,1.0377906067385715e-05,0.01
1158.0,2.25294873334367,1.0433105971206743e-05,0.01
1160.0,2.2528328262278654,1.0488453927701124e-05,0.01
1162.0,2.252717206460075,1.0544148720210486e-05,0.01
1164.0,2.2526021784468657,1.0599990845583953e-05,0.01
1166.0,2.252487454687388,1.065605059499813e-05,0.01
1168.0,2.252373030343444,1.0712329480977773e-05,0.01
1170.0,2.252259646661963,1.0768591701718517e-05,0.01
1172.0,2.252146180728476,1.0825315833033087e-05,0.01
1174.0,2.2520331575573436,1.0882182818797419e-05,0.01
1176.0,2.2519208266931736,1.0939061979796307e-05,0.01
1178.0,2.251808783659963,1.099632432518376e-05,0.01
1180.0,2.2516972394360293,1.1053724149322057e-05,0.01
1182.0,2.2515860102625,1.1111322248425e-05,0.01
1184.0,2.251474977681618,1.116919086114559e-05,0.01
1186.0,2.2513646317920513,1.1227254840948714e-05,0.01
1188.0,2.251254726012555,1.1285446342016786e-05,0.01
1190.0,2.251145157394781,1.1343817045361678e-05,0.01
1192.0,2.251035805781642,1.140250166806241e-05,0.01
1194.0,2.2509270503,1.1461364686772728e-05,0.01
1196.0,2.2508185204454545,1.1520463342663636e-05,0.01
1198.0,2.2507102147988407,1.1579798017217754e-05,0.01
1200.0,2.250602495349565,1.1639313758159782e-05,0.01
1202.0,2.250495269395415,1.1698984821379063e-05,0.01
1204.0,2.250388309872816,1.1758862558655598e-05,0.01
1206.0,2.250281523713971,1.1819013202698918e-05,0.01
1208.0,2.2501753726454314,1.1879370153852156e-05,0.01
1210.0,2.2500696146406454,1.193985710246129e-05,0.01
1212.0,2.2499641735226525,1.2000514721358784e-05,0.01
1214.0,2.2498589438524013,1.2061522782720788e-05,0.01
1216.0,2.2497542176717498,1.2122702838694645e-05,0.01
1218.0,2.249649868685018,1.2184013334469754e-05,0.01
1220.0,2.249545898571139,1.224545568806405e-05,0.01
1222.0,2.2494421773665123,1.230733264524626e-05,0.01
1224.0,2.2493388189047874,1.2369343381611702e-05,0.01
1226.0,2.249235758940603,1.2431523574872344e-05,0.01
1228.0,2.2491329014583332,1.2494069917e-05,0.01
1230.0,2.2490307825969365,1.255661888112676e-05,0.01
1232.0,2.2489289729729576,1.2619322907687325e-05,0.01
1234.0,2.248827319677183,1.2682319798954928e-05,0.01
1236.0,2.2487258848182043,1.2745733285403873e-05,0.01
1238.0,2.2486247649561055,1.2809296414303859e-05,0.01
1240.0,2.248523983060909,1.287299160192587e-05,0.01
1242.0,2.248423736697273,1.2936899408499303e-05,0.01
1244.0,2.248323637933636,1.300110430057273e-05,0.01
1246.0,2.2482238205279166,1.3065471406859724e-05,0.01
1248.0,2.2481247188820834,1.3129846473040276e-05,0.01
1250.0,2.2480255205933104,1.3194756947109408e-05,0.01
1252.0,2.2479266069729413,1.3259822575960208e-05,0.01
1254.0,2.247828285561176,1.33248960691782e-05,0.01
1256.0,2.247730157689896,1.3390388624818335e-05,0.01
1258.0,2.2476323016615516,1.3456037581396202e-05,0.01
1260.0,2.2475347465367586,1.352182045673138e-05,0.01
1262.0,2.2474373998884825,1.3588071783007238e-05,0.01
1264.0,2.247340353467835,1.3654459049674226e-05,0.01
1266.0,2.247243601259178,1.3720979982871235e-05,0.01
1268.0,2.247147330450959,1.3787722939583562e-05,0.01
1270.0,2.247051398136792,1.3854624908431401e-05,0.01
1272.0,2.2469556908755286,1.3921700272557682e-05,0.01
1274.0,2.246860146964266,1.3989171405458699e-05,0.01
1276.0,2.2467649722334695,1.4056821516384351e-05,0.01
1278.0,2.2466699945412247,1.4124661152104082e-05,0.01
1280.0,2.2465751632963262,1.4192869454621088e-05,0.01
1282.0,2.246480725673458,1.4261274689721357e-05,0.01
1284.0,2.246386554736588,1.4329814732130408e-05,0.01
1286.0,2.2462927401487502,1.4398536361724998e-05,0.01
1288.0,2.2461993328814143,1.4467469396146464e-05,0.01
1290.0,2.24610607802,1.4536613557388889e-05,0.01
1292.0,2.246012944868485,1.4606088940688546e-05,0.01
1294.0,2.245920226870436,1.467578669593691e-05,0.01
1296.0,2.245827647700168,1.4745702715050337e-05,0.01
1298.0,2.2457351824048657,1.4815941186459733e-05,0.01
1300.0,2.2456434000922,1.4886207307989668e-05,0.01
1302.0,2.2455517867604335,1.4956661659815334e-05,0.01
1304.0,2.2454602819671,1.5027435973282e-05,0.01
1306.0,2.2453689231108,1.5098649326437001e-05,0.01
1308.0,2.245277868184934,1.5169944274382783e-05,0.01
1310.0,2.2451873023902316,1.5241261967760266e-05,0.01
1312.0,2.245096876147384,1.5313017078288413e-05,0.01
1314.0,2.2450065291299337,1.5385024163589406e-05,0.01
1316.0,2.24491628759351,1.545736879776159e-05,0.01
1318.0,2.244826673579013,1.552974661871119e-05,0.01
1320.0,2.244737232598092,1.5602294630804936e-05,0.01
1322.0,2.244647898242829,1.567519848034441e-05,0.01
1324.0,2.2445589183959345,1.5748326939671146e-05,0.01
1326.0,2.2444700706986227,1.5821655168711804e-05,0.01
1328.0,2.244381333137967,1.5895366922088852e-05,0.01
1330.0,2.2442931363578174,1.5969112623861892e-05,0.01
1332.0,2.2442051552658957,1.6042981167205866e-05,0.01
1334.0,2.2441172892463515,1.6117268115805218e-05,0.01
1336.0,2.2440295201277847,1.6191915181829643e-05,0.01
1338.0,2.2439418968300644,1.6266742590609385e-05,0.01
1340.0,2.24385488268767,1.6341612709962138e-05,0.01
1342.0,2.2437679509287056,1.6416802851624595e-05,0.01
1344.0,2.2436810960545164,1.6492225663416126e-05,0.01
1346.0,2.243594636544839,1.656793043173871e-05,0.01
1348.0,2.2435082439706453,1.6643907204674193e-05,0.01
1350.0,2.2434219183319355,1.6720155982222577e-05,0.01
1352.0,2.243335981202412,1.679669077099389e-05,0.01
1354.0,2.243250224213013,1.687336034915769e-05,0.01
1356.0,2.243164711815577,1.6950213320696155e-05,0.01
1358.0,2.2430795331417572,1.702732113884569e-05,0.01
1360.0,2.242994454010639,1.710462910781758e-05,0.01
1362.0,2.2429094657167092,1.718234206973451e-05,0.01
1364.0,2.2428247542639173,1.726027328949873e-05,0.01
1366.0,2.242740211057143,1.7338337916271427e-05,0.01
1368.0,2.2426560036285714,1.7416672161985712e-05,0.01
1370.0,2.2425720110901266,1.7495182148130378e-05,0.01
1372.0,2.242488187393924,1.7573830216041774e-05,0.01
1374.0,2.2424044766396203,1.7653032810316457e-05,0.01
1376.0,2.242320918979464,1.773237404860883e-05,0.01
1378.0,2.242237587503123,1.781190627763091e-05,0.01
1380.0,2.242154559712893,1.789169969788113e-05,0.01
1382.0,2.242071625294811,1.7971681731984905e-05,0.01
1384.0,2.2419887750495286,1.8052109219028928e-05,0.01
1386.0,2.241906320906313,1.8132582879990624e-05,0.01
1388.0,2.2418240980846877,1.8213103368589685e-05,0.01
1390.0,2.2417419756471877,1.829418319115219e-05,0.01
1392.0,2.2416598976123128,1.8375517004287813e-05,0.01
1394.0,2.2415778772498123,1.8457180713225305e-05,0.01
1396.0,2.241496365367888,1.8538908970417074e-05,0.01
1398.0,2.241414975920528,1.8620782470632916e-05,0.01
1400.0,2.241333662100652,1.8703112318334782e-05,0.01
1402.0,2.241252561752074,1.878564907955418e-05,0.01
1404.0,2.24117159504,1.8868315372e-05,0.01
1406.0,2.241090721783034,1.8951577357944272e-05,0.01
1408.0,2.2410100751554465,1.903487168695446e-05,0.01
1410.0,2.2409297905462155,1.9118217680862155e-05,0.01
1412.0,2.2408495736448,1.9202020272433848e-05,0.01
1414.0,2.240769423067178,1.9286013742963498e-05,0.01
1416.0,2.240689560453681,1.937030637676718e-05,0.01
1418.0,2.2406097407868715,1.9454905954311045e-05,0.01
1420.0,2.240529963216319,1.9539806397501227e-05,0.01
1422.0,2.2404506835985063,1.96247863557125e-05,0.01
1424.0,2.2403714941016464,1.9709921740019818e-05,0.01
1426.0,2.2402923664065244,1.979552610776372e-05,0.01
1428.0,2.2402134286225532,1.9881341999765962e-05,0.01
1430.0,2.240134620105836,1.996730187046505e-05,0.01
1432.0,2.2400561112263637,2.0053601727421212e-05,0.01
1434.0,2.2399776405390908,2.0140106357918177e-05,0.01
1436.0,2.239899222169394,2.0227047040645452e-05,0.01
1438.0,2.239821005033354,2.031422365820725e-05,0.01
1440.0,2.2397428962538974,2.040152731760302e-05,0.01
1442.0,2.239665091838886,2.048919454952109e-05,0.01
1444.0,2.239587390202703,2.057698683322823e-05,0.01
1446.0,2.239509889554054,2.066502372734234e-05,0.01
1448.0,2.239432433644504,2.0753486588624024e-05,0.01
1450.0,2.2393550024049254,2.084215979093583e-05,0.01
1452.0,2.23927809539,2.0930939718099997e-05,0.01
1454.0,2.2392012090892237,2.1019931293945962e-05,0.01
1456.0,2.239124364844448,2.110935258075194e-05,0.01
1458.0,2.2390477102109525,2.1199021488891065e-05,0.01
1460.0,2.2389711554490477,2.128882082353392e-05,0.01
1462.0,2.2388946582005356,2.1379252885355353e-05,0.01
1464.0,2.2388182462117805,2.1469814280791097e-05,0.01
1466.0,2.238742034455104,2.156064598957448e-05,0.01
1468.0,2.2386661304686433,2.1651549000488496e-05,0.01
1470.0,2.238590423253304,2.1742497598010616e-05,0.01
1472.0,2.2385145598674554,2.1834295891218047e-05,0.01
1474.0,2.2384387939258823,2.1926200134836766e-05,0.01
1476.0,2.2383634135964705,2.201819743677794e-05,0.01
1478.0,2.2382881752115544,2.2110401424657478e-05,0.01
1480.0,2.23821306525261,2.2202792414100298e-05,0.01
1482.0,2.2381379942977713,2.2295731486445166e-05,0.01
1484.0,2.2380629623980997,2.238883678670848e-05,0.01
1486.0,2.2379881651641815,2.2482295448521343e-05,0.01
1488.0,2.237913473985044,2.2575916886680465e-05,0.01
1490.0,2.2378389386147814,2.2669777465397663e-05,0.01
1492.0,2.2377644322727988,2.2764106827660634e-05,0.01
1494.0,2.2376899389725073,2.2858646802820983e-05,0.01
1496.0,2.237615905800435,2.2953315881121734e-05,0.01
1498.0,2.2375418940192753,2.3048159650947824e-05,0.01
1500.0,2.237467911016377,2.314351756433913e-05,0.01
1502.0,2.2373940594501156,2.323909231284595e-05,0.01
1504.0,2.237320326802717,2.3334863245504908e-05,0.01
1506.0,2.2372467906844666,2.343096469230547e-05,0.01
1508.0,2.237173307223372,2.352719317874697e-05,0.01
1510.0,2.2370998547795677,2.362407673119654e-05,0.01
1512.0,2.2370265492533523,2.3721006703475362e-05,0.01
1514.0,2.2369535488636676,2.3818033086168772e-05,0.01
1516.0,2.2368805655349573,2.3915467340650147e-05,0.01
1518.0,2.236807594560745,2.401319695056419e-05,0.01
1520.0,2.2367348207538287,2.4111283278896004e-05,0.01
1522.0,2.2366621057213103,2.420947664776553e-05,0.01
1524.0,2.2365896039720226,2.4308063480301143e-05,0.01
1526.0,2.236517178154375,2.4406793149800002e-05,0.01
1528.0,2.236444906500966,2.450581282161818e-05,0.01
1530.0,2.236372647636932,2.4605241880844312e-05,0.01
1532.0,2.2363003984210224,2.470497977618522e-05,0.01
1534.0,2.2362283317630878,2.4805073245336822e-05,0.01
1536.0,2.2361563179372035,2.4905270004391522e-05,0.01
1538.0,2.236084516541723,2.5005888739758757e-05,0.01
1540.0,2.2360127755140846,2.5106629783509858e-05,0.01
1542.0,2.2359411936380282,2.5207693276636617e-05,0.01
1544.0,2.2358697200792133,2.5308980606233708e-05,0.01
1546.0,2.2357983548376406,2.5410491772301126e-05,0.01
1548.0,2.2357269996073033,2.5512533588885396e-05,0.01
1550.0,2.2356556482702246,2.5614781769559555e-05,0.01
1552.0,2.235584683075363,2.5717187067081567e-05,0.01
1554.0,2.235513744109162,2.5819713974559217e-05,0.01
1556.0,2.235442814103575,2.5922873175620672e-05,0.01
1558.0,2.2353719584164344,2.602619797232897e-05,0.01
1560.0,2.235301234850975,2.612981716129833e-05,0.01
1562.0,2.235230626359639,2.6233697944029446e-05,0.01
1564.0,2.2351601064651945,2.633778013080722e-05,0.01
1566.0,2.23508959083775,2.6442440991847496e-05,0.01
1568.0,2.2350190765210836,2.6547279615569714e-05,0.01
1570.0,2.234948941936271,2.665229064601215e-05,0.01
1572.0,2.2348788214812156,2.675742627877044e-05,0.01
1574.0,2.2348087029729284,2.6863207105676518e-05,0.01
1576.0,2.234738651338099,2.6969152057952894e-05,0.01
1578.0,2.234668726665923,2.707540861056997e-05,0.01
1580.0,2.234598903315,2.718191894510714e-05,0.01
1582.0,2.234529169815,2.7288654331535705e-05,0.01
1584.0,2.2344595701519454,2.7395731909824103e-05,0.01
1586.0,2.234390025154685,2.7502949256618628e-05,0.01
1588.0,2.2343206446537707,2.761059592308688e-05,0.01
1590.0,2.2342512852125136,2.771834149000491e-05,0.01
1592.0,2.2341819203491258,2.7826827819185245e-05,0.01
1594.0,2.2341126386634236,2.7935358215545926e-05,0.01
1596.0,2.2340436434786413,2.804404039886114e-05,0.01
1598.0,2.233974644868614,2.815302724738587e-05,0.01
1600.0,2.2339056407870923,2.8262500768907605e-05,0.01
1602.0,2.23383673291813,2.837224593576666e-05,0.01
1604.0,2.2337679053734147,2.8482217889099995e-05,0.01
1606.0,2.233699199627838,2.8592541019997292e-05,0.01
1608.0,2.233630546081892,2.8703014655564864e-05,0.01
1610.0,2.233561880975946,2.881417245176757e-05,0.01
1612.0,2.23349321383,2.89254509822e-05,0.01
1614.0,2.233424900754731,2.9036937813866665e-05,0.01
1616.0,2.233356610990429,2.9148496263275868e-05,0.01
1618.0,2.2332884644220643,2.9260494650246376e-05,0.01
1620.0,2.233220312846193,2.9372717583357636e-05,0.01
1622.0,2.233152148068713,2.948553250174906e-05,0.01
1624.0,2.233084049929144,2.9598560136013368e-05,0.01
1626.0,2.233016047683155,2.9711893873606956e-05,0.01
1628.0,2.23294813188936,2.9825509598858405e-05,0.01
1630.0,2.232880289740027,2.9939365535818396e-05,0.01
1632.0,2.232812552452261,3.0053570997137497e-05,0.01
1634.0,2.232744867989495,3.0167952534637495e-05,0.01
1636.0,2.232677305437984,3.0282749355424665e-05,0.01
1638.0,2.2326097762761803,3.039765991622042e-05,0.01
1640.0,2.232542223895809,3.0513325290925995e-05,0.01
1642.0,2.2324746738749077,3.062907797962137e-05,0.01
1644.0,2.2324074482020846,3.0745056941046175e-05,0.01
1646.0,2.2323402190780737,3.086113752537968e-05,0.01
1648.0,2.232272964645356,3.097796334437704e-05,0.01
1650.0,2.232205782866299,3.109484214978897e-05,0.01
1652.0,2.23213885133874,3.12119034639622e-05,0.01
1654.0,2.232071909670289,3.132923842468242e-05,0.01
1656.0,2.232004946452441,3.144715488431496e-05,0.01
1658.0,2.2319380422310995,3.156529986389345e-05,0.01
1660.0,2.231871221173508,3.168376697399817e-05,0.01
1662.0,2.231804470754021,3.1802513972441516e-05,0.01
1664.0,2.2317377895738644,3.192153531688016e-05,0.01
1666.0,2.231671087079765,3.204106999536319e-05,0.01
1668.0,2.231604369774282,3.2160961397504186e-05,0.01
1670.0,2.231537861130779,3.228102104557923e-05,0.01
1672.0,2.231471452954156,3.240116170095585e-05,0.01
1674.0,2.2314051446405703,3.2521726198634195e-05,0.01
1676.0,2.2313388696146634,3.264243197707979e-05,0.01
1678.0,2.2312725614488604,3.27638618013772e-05,0.01
1680.0,2.231206246008446,3.288545056256891e-05,0.01
1682.0,2.231140045852791,3.300754944204522e-05,0.01
1684.0,2.231073859945814,3.312971136984883e-05,0.01
1686.0,2.231007957818226,3.32521229092784e-05,0.01
1688.0,2.230942068616067,3.337455517226966e-05,0.01
1690.0,2.2308761352227506,3.349787464923625e-05,0.01
1692.0,2.2308102098253335,3.362123211412001e-05,0.01
1694.0,2.2307443994458462,3.374513602058154e-05,0.01
1696.0,2.2306786029682355,3.3869107573764706e-05,0.01
1698.0,2.230612913474629,3.3993599712588235e-05,0.01
1700.0,2.2305472161496165,3.411823776647672e-05,0.01
1702.0,2.2304814777097186,3.4243641874456266e-05,0.01
1704.0,2.2304157975612213,3.4369102563282956e-05,0.01
1706.0,2.230350343469618,3.449478267539491e-05,0.01
1708.0,2.230284916872081,3.462060673728223e-05,0.01
1710.0,2.2302195773390863,3.4746886640124875e-05,0.01
1712.0,2.230154223475533,3.487341649072538e-05,0.01
1714.0,2.230088830866396,3.5000622126004565e-05,0.01
1716.0,2.230023521049091,3.512791343591212e-05,0.01
1718.0,2.229958404412727,3.525540465328586e-05,0.01
1720.0,2.22989326992101,3.5383195092300005e-05,0.01
1722.0,2.2298280974866667,3.55116213773e-05,0.01
1724.0,2.229762961436977,3.564025720131537e-05,0.01
1726.0,2.2296978960163227,3.576929977753703e-05,0.01
1728.0,2.229632925663459,3.58984471975792e-05,0.01
1730.0,2.2295681280393986,3.602778510850652e-05,0.01
1732.0,2.229503308873083,3.615746477194511e-05,0.01
1734.0,2.2294384514094236,3.628775199540376e-05,0.01
1736.0,2.229373630799325,3.6418268587834003e-05,0.01
1738.0,2.229308874304325,3.6549184219434004e-05,0.01
1740.0,2.229244153938404,3.6680330713923946e-05,0.01
1742.0,2.2291794964271823,3.681187884659227e-05,0.01
1744.0,2.2291148738391047,3.694365616253881e-05,0.01
1746.0,2.229050313336617,3.707584091542437e-05,0.01
1748.0,2.2289857299726865,3.720836558087462e-05,0.01
1750.0,2.228921104151791,3.734152151251642e-05,0.01
1752.0,2.2288565645088116,3.747478438401881e-05,0.01
1754.0,2.228792192152376,3.760825484466237e-05,0.01
1756.0,2.2287278489691604,3.7741933031179997e-05,0.01
1758.0,2.228663567779037,3.787605263518e-05,0.01
1760.0,2.228599266158889,3.801046315212618e-05,0.01
1762.0,2.2285349157144445,3.814556890170642e-05,0.01
1764.0,2.228470631645479,3.828076236294324e-05,0.01
1766.0,2.2284065270361424,3.841619297051081e-05,0.01
1768.0,2.22834240553914,3.855185770783931e-05,0.01
1770.0,2.2282782290673957,3.868828461226191e-05,0.01
1772.0,2.2282141007662837,3.8824777887310995e-05,0.01
1774.0,2.2281501651477016,3.896153664486601e-05,0.01
1776.0,2.2280862179901466,3.9098451423753546e-05,0.01
1778.0,2.228022207926577,3.9236216770550615e-05,0.01
1780.0,2.2279582067070245,3.937405645274342e-05,0.01
1782.0,2.22789427704361,3.951249757586537e-05,0.01
1784.0,2.2278303613912622,3.965095924971748e-05,0.01
1786.0,2.2277666652456314,3.978974288500874e-05,0.01
1788.0,2.2277029691,3.99285265203e-05,0.01
1790.0,2.2276391946728156,4.006833245282428e-05,0.01
1792.0,2.227575420245631,4.0208138385348555e-05,0.01
1794.0,2.227511716185133,4.0348592065289354e-05,0.01
1796.0,2.227448016616126,4.048908709080993e-05,0.01
1798.0,2.2273843809634783,4.063018900900604e-05,0.01
1800.0,2.2273207544417395,4.07713776261558e-05,0.01
1802.0,2.227257185260289,4.09131282306482e-05,0.01
1804.0,2.2271936299687227,4.105501496872048e-05,0.01
1806.0,2.227130125365288,4.119741466375769e-05,0.01
1808.0,2.227066639509519,4.1340004082603844e-05,0.01
1810.0,2.2270031976228295,4.1483053227746764e-05,0.01
1812.0,2.2269397794117984,4.162634991781871e-05,0.01
1814.0,2.226876398418062,4.1770048827619385e-05,0.01
1816.0,2.226813046078349,4.191405741101651e-05,0.01
1818.0,2.2267497241866345,4.205840635401599e-05,0.01
1820.0,2.2266864359479714,4.2203131483944394e-05,0.01
1822.0,2.226623114060716,4.234826259020119e-05,0.01
1824.0,2.2265597372731265,4.2494056078888546e-05,0.01
1826.0,2.226496420761734,4.2639957531494296e-05,0.01
1828.0,2.2264332554695723,4.2786129840947984e-05,0.01
1830.0,2.2263701007740755,4.2932433675945505e-05,0.01
1832.0,2.226306994352275,4.307933668286492e-05,0.01
1834.0,2.226243891930307,4.322629117327729e-05,0.01
1836.0,2.2261808426489833,4.337392965866737e-05,0.01
1838.0,2.2261177933676595,4.352156814405745e-05,0.01
1840.0,2.2260547970151414,4.3669913609043166e-05,0.01
1842.0,2.225991803156651,4.381829238720354e-05,0.01
1844.0,2.2259287302055424,4.3967587033223356e-05,0.01
1846.0,2.225865641625354,4.411706265911958e-05,0.01
1848.0,2.2258026963827935,4.426682307849226e-05,0.01
1850.0,2.2257398082748123,4.4416697016942966e-05,0.01
1852.0,2.2256769496142623,4.456701259230914e-05,0.01
1854.0,2.2256141118437704,4.471764146565808e-05,0.01
1856.0,2.225551229802553,4.486877182912413e-05,0.01
1858.0,2.22548829365267,4.502051512495551e-05,0.01
1860.0,2.2254254186247553,4.5172387672797205e-05,0.01
1862.0,2.225362676512867,4.532454129247086e-05,0.01
1864.0,2.2252999172638694,4.547688639087972e-05,0.01
1866.0,2.2252370743454546,4.5630166356054544e-05,0.01
1868.0,2.2251742361729696,4.5783456782887704e-05,0.01
1870.0,2.2251115830917634,4.5937155214395824e-05,0.01
1872.0,2.2250489300105567,4.6090853645903945e-05,0.01
1874.0,2.2249863135118058,4.6245230692533336e-05,0.01
1876.0,2.224923702479398,4.639970914142223e-05,0.01
1878.0,2.224861017311157,4.655500021742546e-05,0.01
1880.0,2.224798301862083,4.671062321154583e-05,0.01
1882.0,2.224735687408848,4.6866483194395386e-05,0.01
1884.0,2.2246731555885715,4.7022537077114286e-05,0.01
1886.0,2.224610583180092,4.717903057887373e-05,0.01
1888.0,2.224547944548756,4.733624135380461e-05,0.01
1890.0,2.2244853436284404,4.749354438432202e-05,0.01
1892.0,2.2244228845733947,4.765119447156972e-05,0.01
1894.0,2.224360426537597,4.780886873827734e-05,0.01
1896.0,2.224298001457506,4.79673248075222e-05,0.01
1898.0,2.2242355763774144,4.812578087676705e-05,0.01
1900.0,2.224173058026339,4.828523044627323e-05,0.01
1902.0,2.2241105225663844,4.8444862255472323e-05,0.01
1904.0,2.2240481016711846,4.860479249445331e-05,0.01
1906.0,2.2239857397941916,4.876487646998862e-05,0.01
1908.0,2.223923325489772,4.892551311086174e-05,0.01
1910.0,2.2238608508656266,4.908678561400524e-05,0.01
1912.0,2.2237984220491835,4.924818255603061e-05,0.01
1914.0,2.2237361170831975,4.940991594392177e-05,0.01
1916.0,2.223673813815,4.9571703468032365e-05,0.01
1918.0,2.223611534968846,4.973426972083779e-05,0.01
1920.0,2.223549256122692,4.989683597364322e-05,0.01
1922.0,2.2234868778528054,5.006043510861834e-05,0.01
1924.0,2.2234244827215837,5.022420941074504e-05,0.01
1926.0,2.223362193289392,5.038828956590948e-05,0.01
1928.0,2.2232999620326352,5.055253805879236e-05,0.01
1930.0,2.223237739909326,5.071714756885844e-05,0.01
1932.0,2.223175530143034,5.088224551393709e-05,0.01
1934.0,2.223113324369462,5.104751447097759e-05,0.01
1936.0,2.2230511345667714,5.121346747586548e-05,0.01
1938.0,2.2229889447640807,5.137942048075336e-05,0.01
1940.0,2.222926637634888,5.154657117191435e-05,0.01
1942.0,2.2228643268770405,5.171375890491884e-05,0.01
1944.0,2.2228021318028572,5.188131099270447e-05,0.01
1946.0,2.2227399773742857,5.2048991097034825e-05,0.01
1948.0,2.222677830658886,5.221710726151626e-05,0.01
1950.0,2.2226156916566593,5.238565948614878e-05,0.01
1952.0,2.2225535562057335,5.2554435572229996e-05,0.01
1954.0,2.222491431130178,5.2723865684896675e-05,0.01
1956.0,2.222429306116785,5.289330021604569e-05,0.01
1958.0,2.222367193473769,5.3063614025180944e-05,0.01
1960.0,2.2223050808307536,5.323392783431619e-05,0.01
1962.0,2.222242976398982,5.3404908803314605e-05,0.01
1964.0,2.222180874704292,5.3576112158934074e-05,0.01
1966.0,2.2221187776496687,5.374775427931457e-05,0.01
1968.0,2.222056685424503,5.391985307322186e-05,0.01
1970.0,2.2219945949994493,5.40921546758282e-05,0.01
1972.0,2.2219325107747796,5.4265154841731284e-05,0.01
1974.0,2.22187042655011,5.443815500763437e-05,0.01
1976.0,2.221808348563846,5.461202169027737e-05,0.01
1978.0,2.2217462708715385,5.47859292035521e-05,0.01
1980.0,2.221684196629474,5.496045780620001e-05,0.01
1982.0,2.2216221240110525,5.5135278686200005e-05,0.01
1984.0,2.221560052839125,5.5310467337438514e-05,0.01
1986.0,2.2214979838369366,5.548620764553479e-05,0.01
1988.0,2.2214359150850873,5.566205439001092e-05,0.01
1990.0,2.22137384825976,5.583872023184497e-05,0.01
1992.0,2.2213117814344323,5.6015386073679026e-05,0.01
1994.0,2.2212498265251086,5.6192502036223906e-05,0.01
1996.0,2.2211878953555435,5.636971347891956e-05,0.01
1998.0,2.22112589298,5.654761999926848e-05,0.01
2000.0,2.22106382618,5.6726155399398914e-05,0.01
2002.0,2.22100175890013,5.690490322507484e-05,0.01
2004.0,2.2209396899673752,5.708438273874079e-05,0.01
2006.0,2.2208776210346204,5.726386225240673e-05,0.01
2008.0,2.22081567217054,5.744385760906459e-05,0.01
2010.0,2.220753733747214,5.7623897821634774e-05,0.01
2012.0,2.2206917112040605,5.7804752619533255e-05,0.01
2014.0,2.2206296337396974,5.798613925413367e-05,0.01
2016.0,2.2205675931427096,5.8167691463610945e-05,0.01
2018.0,2.220505642807226,5.8349649046062575e-05,0.01
2020.0,2.220443692471742,5.85316066285142e-05,0.01
2022.0,2.2203817343506866,5.8714498600373825e-05,0.01
2024.0,2.220319775947253,5.889742446200472e-05,0.01
2026.0,2.2202577270985624,5.908121987576588e-05,0.01
2028.0,2.2201956262616522,5.926551511083027e-05,0.01
2030.0,2.2201335626723293,5.944998926038698e-05,0.01
2032.0,2.220071583958654,5.9634871100344254e-05,0.01
2034.0,2.2200096052449787,5.981975294030152e-05,0.01
2036.0,2.2199476147182087,6.0005588000798096e-05,0.01
2038.0,2.219885623762985,6.019145763406035e-05,0.01
2040.0,2.21982362436383,6.0377943790872767e-05,0.01
2042.0,2.2197616197893617,6.056480781695787e-05,0.01
2044.0,2.21969961116465,6.0751942124e-05,0.01
2046.0,2.219637591589278,6.093980719066668e-05,0.01
2048.0,2.2195755720139068,6.112767225733336e-05,0.01
2050.0,2.21951353746428,6.13164594028303e-05,0.01
2052.0,2.2194515015236016,6.15053322059235e-05,0.01
2054.0,2.219389528393797,6.169454570964618e-05,0.01
2056.0,2.219327605625865,6.188403238774745e-05,0.01
2058.0,2.2192656551055907,6.2073782114e-05,0.01
2060.0,2.219203582325,6.2264690674e-05,0.01
2062.0,2.2191415095444094,6.245559923400001e-05,0.01
2064.0,2.219079420091116,6.264734571125097e-05,0.01
2066.0,2.2190173268532214,6.283928239057728e-05,0.01
2068.0,2.218955281314717,6.303149647243398e-05,0.01
2070.0,2.2188932964845285,6.322406361205662e-05,0.01
2072.0,2.2188313032187,6.34167103097973e-05,0.01
2074.0,2.2187691650132493,6.361072396065683e-05,0.01
2076.0,2.218707026807799,6.380473761151637e-05,0.01
2078.0,2.218644959133361,6.399918121787872e-05,0.01
2080.0,2.2185829261980796,6.419383659336933e-05,0.01
2082.0,2.218520886097292,6.438878199730314e-05,0.01
2084.0,2.2184588271056254,6.458449202167814e-05,0.01
2086.0,2.2183967681139585,6.478020204605313e-05,0.01
2088.0,2.2183346851516426,6.497684109211975e-05,0.01
2090.0,2.218272598764948,6.51736128555709e-05,0.01
2092.0,2.218210498883195,6.537088699291121e-05,0.01
2094.0,2.21814838378361,6.556872763697759e-05,0.01
2096.0,2.2180862668811803,6.576663284559999e-05,0.01
2098.0,2.2180241217341825,6.59655495656e-05,0.01
2100.0,2.2179619765871843,6.61644662856e-05,0.01
2102.0,2.2178998112121695,6.636408174923884e-05,0.01
2104.0,2.217837634703905,6.65640817927099e-05,0.01
2106.0,2.2177754796442595,6.676423412936294e-05,0.01
2108.0,2.2177133984631894,6.696491103142057e-05,0.01
2110.0,2.2176513172821193,6.71655879334782e-05,0.01
2112.0,2.2175891073175924,6.736746667488829e-05,0.01
2114.0,2.217526864144753,6.756965532455905e-05,0.01
2116.0,2.2174646546703483,6.777209538814508e-05,0.01
2118.0,2.217402503821988,6.79749728430631e-05,0.01
2120.0,2.2173403529736273,6.817785029798114e-05,0.01
2122.0,2.2172781680929243,6.838175582821247e-05,0.01
2124.0,2.2172159804528424,6.858574471590164e-05,0.01
2126.0,2.2171537134527606,6.879047202964234e-05,0.01
2128.0,2.2170913604793454,6.899599930493886e-05,0.01
2130.0,2.2170290105815074,6.920155132761834e-05,0.01
2132.0,2.216966745481711,6.940778567099919e-05,0.01
2134.0,2.2169044803819147,6.961402001438003e-05,0.01
2136.0,2.2168422649952944,6.982066819318823e-05,0.01
2138.0,2.21678008560787,7.002761604592658e-05,0.01
2140.0,2.216717886861258,7.023474357944219e-05,0.01
2142.0,2.216655539133063,7.044325387372212e-05,0.01
2144.0,2.216593191404868,7.065176416800204e-05,0.01
2146.0,2.2165308155736843,7.086102167228948e-05,0.01
2148.0,2.2164684246101216,7.107068152042711e-05,0.01
2150.0,2.216406048291129,7.128047318534594e-05,0.01
2152.0,2.2163437386862905,7.149086534893466e-05,0.01
2154.0,2.2162814290814516,7.170125751252339e-05,0.01
2156.0,2.216219087307042,7.191246427655775e-05,0.01
2158.0,2.216156731745674,7.21240201550688e-05,0.01
2160.0,2.2160943390347283,7.233591995652593e-05,0.01
2162.0,2.2160318106846275,7.254907547664667e-05,0.01
2164.0,2.215969282334527,7.27622309967674e-05,0.01
2166.0,2.2159068102437276,7.297593515466373e-05,0.01
2168.0,2.2158443589611623,7.318984223338118e-05,0.01
2170.0,2.21578189598372,7.340402839903923e-05,0.01
2172.0,2.21571939493572,7.361912308175922e-05,0.01
2174.0,2.21565689388772,7.383421776447922e-05,0.01
2176.0,2.215594446925319,7.404987459747552e-05,0.01
2178.0,2.215532019463167,7.426573411050342e-05,0.01
2180.0,2.215469552201115,7.448196142850341e-05,0.01
2182.0,2.215406947850518,7.469945563029625e-05,0.01
2184.0,2.21534434349992,7.491694983208908e-05,0.01
2186.0,2.2152817897564283,7.513500037290835e-05,0.01
2188.0,2.215219256185,7.535327267124166e-05,0.01
2190.0,2.2151567119034654,7.557178262545107e-05,0.01
2192.0,2.215094123408416,7.579127367186693e-05,0.01
2194.0,2.2150315349133662,7.601076471828278e-05,0.01
2196.0,2.214968825667069,7.62313707339612e-05,0.01
2198.0,2.214906056946277,7.645252591360476e-05,0.01
2200.0,2.214843315782953,7.667373350624449e-05,0.01
2202.0,2.2147807371136614,7.689525015482717e-05,0.01
2204.0,2.21471815844437,7.711676680340984e-05,0.01
2206.0,2.2146554696079135,7.733930034482933e-05,0.01
2208.0,2.2145927088441337,7.756249780801832e-05,0.01
2210.0,2.2145299441865816,7.778577667776111e-05,0.01
2212.0,2.214467123518605,7.801022654947034e-05,0.01
2214.0,2.214404302850629,7.823467642117956e-05,0.01
2216.0,2.2143415143751666,7.845955231877024e-05,0.01
2218.0,2.214278755615871,7.868482147102073e-05,0.01
2220.0,2.2142159968565753,7.89100906232712e-05,0.01
2222.0,2.2141531777899806,7.913658340341463e-05,0.01
2224.0,2.2140903565360746,7.936312056384433e-05,0.01
2226.0,2.2140275094689477,7.959017478974736e-05,0.01
2228.0,2.213964624478694,7.981798865504954e-05,0.01
2230.0,2.2139017394884406,8.00458025203517e-05,0.01
2232.0,2.2138387999357585,8.027469617838603e-05,0.01
2234.0,2.2137758499902334,8.05037955112265e-05,0.01
2236.0,2.2137128821743493,8.073324430424238e-05,0.01
2238.0,2.2136498660423105,8.096363793402875e-05,0.01
2240.0,2.2135868499102718,8.119403156381513e-05,0.01
2242.0,2.2135238717306964,8.14250194451116e-05,0.01
2244.0,2.2134609102065186,8.165626811304199e-05,0.01
2246.0,2.2133979277108513,8.188771041576387e-05,0.01
2248.0,2.2133347755367696,8.212071939998048e-05,0.01
2250.0,2.2132716233626883,8.235372838419712e-05,0.01
2252.0,2.213208498466705,8.258719395639366e-05,0.01
2254.0,2.2131453982509055,8.282107263200059e-05,0.01
2256.0,2.213082298035106,8.305495130760754e-05,0.01
2258.0,2.213019131632308,8.32900655888054e-05,0.01
2260.0,2.2129559602476925,8.352527287257462e-05,0.01
2262.0,2.2128928049564367,8.37607720808e-05,0.01
2264.0,2.2128296823395783,8.399686398413333e-05,0.01
2266.0,2.2127665597227204,8.423295588746668e-05,0.01
2268.0,2.2127032968824136,8.447034390296551e-05,0.01
2270.0,2.212639979510766,8.470823596208428e-05,0.01
2272.0,2.212576667217748,8.49462269912767e-05,0.01
2274.0,2.212513396015458,8.518501877833778e-05,0.01
2276.0,2.212450124813168,8.542381056539884e-05,0.01
2278.0,2.2123868163197336,8.5663270689848e-05,0.01
2280.0,2.2123234690130666,8.590342643076228e-05,0.01
2282.0,2.2122601217063997,8.614358217167657e-05,0.01
2284.0,2.2121967075238973,8.638492589618918e-05,0.01
2286.0,2.2121332829041256,8.66264550285466e-05,0.01
2288.0,2.2120698398342316,8.686830914283551e-05,0.01
2290.0,2.212006336703302,8.711122117702904e-05,0.01
2292.0,2.2119428335723716,8.735413321122257e-05,0.01
2294.0,2.211879354725293,8.759760364338014e-05,0.01
2296.0,2.211815892067448,8.784144634084706e-05,0.01
2298.0,2.211752429409603,8.808528903831398e-05,0.01
2300.0,2.211688774690246,8.833091182602967e-05,0.01
2302.0,2.2116251109208696,8.857661849234347e-05,0.01
2304.0,2.2115614589090393,8.882261857229547e-05,0.01
2306.0,2.2114978330672317,8.906927173421637e-05,0.01
2308.0,2.2114342072254236,8.931592489613728e-05,0.01
2310.0,2.211370605056623,8.956320323193414e-05,0.01
2312.0,2.2113070153568106,8.98108108577878e-05,0.01
2314.0,2.211243425656998,9.005841848364145e-05,0.01
2316.0,2.211179633885741,9.030790235117993e-05,0.01
2318.0,2.2111158400733584,9.05574051706546e-05,0.01
2320.0,2.211052057188037,9.080722345645236e-05,0.01
2322.0,2.210988296997383,9.105769694153647e-05,0.01
2324.0,2.2109245368067287,9.130817042662058e-05,0.01
2326.0,2.2108607200493284,9.155958505766122e-05,0.01
2328.0,2.21079687283291,9.18115064596015e-05,0.01
2330.0,2.2107330256164923,9.20634278615418e-05,0.01
2332.0,2.2106690928218993,9.231676353568937e-05,0.01
2334.0,2.2106051573805585,9.25701429502145e-05,0.01
2336.0,2.210541196457379,9.282394079799198e-05,0.01
2338.0,2.210477171606078,9.307878839936746e-05,0.01
2340.0,2.2104131467547767,9.333363600074292e-05,0.01
2342.0,2.210349138644685,9.358908084140889e-05,0.01
2344.0,2.2102851419298704,9.384493220629777e-05,0.01
2346.0,2.2102211452150553,9.410078357118667e-05,0.01
2348.0,2.2101570663070054,9.435796571368502e-05,0.01
2350.0,2.2100929777561737,9.461530398093087e-05,0.01
2352.0,2.2100288715313283,9.487292673633101e-05,0.01
2354.0,2.2099646899593726,9.513176230965204e-05,0.01
2356.0,2.209900508387417,9.539059788297306e-05,0.01
2358.0,2.209836281597845,9.565015719646354e-05,0.01
2360.0,2.209772005822523,9.591050056180423e-05,0.01
2362.0,2.209707730047201,9.61708439271449e-05,0.01
2364.0,2.2096434716599083,9.64319812709233e-05,0.01
2366.0,2.209579218614037,9.66933625165747e-05,0.01
2368.0,2.209514956980862,9.69548241419384e-05,0.01
2370.0,2.209450489252422,9.72182148803971e-05,0.01
2372.0,2.2093860215239816,9.74816056188558e-05,0.01
2374.0,2.2093215972317335,9.774517680484874e-05,0.01
2376.0,2.209257267395967,9.800914039262246e-05,0.01
2378.0,2.209192937560201,9.827310398039618e-05,0.01
2380.0,2.209128483192865,9.85382355025458e-05,0.01
2382.0,2.2090639367804563,9.88042302805385e-05,0.01
2384.0,2.2089993903680476,9.907022505853122e-05,0.01
2386.0,2.2089348584828548,9.933711583822928e-05,0.01
2388.0,2.208870329468309,9.960418367215655e-05,0.01
2390.0,2.2088057918385298,9.98713848312628e-05,0.01
2392.0,2.208741161468294,0.00010014002119670743,0.01
2394.0,2.208676531098058,0.00010040865756215207,0.01
2396.0,2.208611866893478,0.00010067781519109781,0.01
2398.0,2.2085471339949274,0.0001009480311429094,0.01
2400.0,2.2084824010963766,0.000101218247094721,0.01
2402.0,2.2084176090857324,0.00010148936976197106,0.01
2404.0,2.2083527724817538,0.00010176117644262207,0.01
2406.0,2.2082879358777756,0.00010203298312327307,0.01
2408.0,2.2082231090399818,0.00010230568281644326,0.01
2410.0,2.2081582845679097,0.00010257859882941621,0.01
2412.0,2.208093456913597,0.00010285156318038488,0.01
2414.0,2.208028526366834,0.00010312609045988129,0.01
2416.0,2.207963595820072,0.0001034006177393777,0.01
2418.0,2.2078986384611667,0.00010367555068481688,0.01
2420.0,2.207833600665835,0.00010395170062808437,0.01
2422.0,2.207768562870503,0.00010422785057135187,0.01
2424.0,2.207703528849732,0.00010450452932352772,0.01
2426.0,2.2076384991717353,0.00010478181649025403,0.01
2428.0,2.207573469493739,0.00010505910365698034,0.01
2430.0,2.2075083663761785,0.0001053374920915,0.01
2432.0,2.207443227086893,0.00010561642294149999,0.01
2434.0,2.2073780877976072,0.00010589535379149998,0.01
2436.0,2.207312852134171,0.00010617572479103741,0.01
2438.0,2.20724760207,0.00010645631098533334,0.01
2440.0,2.2071823447290746,0.00010673700554101425,0.01
2442.0,2.20711698271484,0.00010701925883354094,0.01
2444.0,2.207051620700605,0.00010730151212606765,0.01
2446.0,2.206986259443245,0.00010758406517652663,0.01
2448.0,2.2069209003971455,0.0001078674939903564,0.01
2450.0,2.206855541351046,0.00010815092280418617,0.01
2452.0,2.2067901325848673,0.00010843508624138583,0.01
2454.0,2.2067246592397347,0.00010872020384457166,0.01
2456.0,2.206659185894602,0.0001090053214477575,0.01
2458.0,2.2065936421142407,0.0001092914765488551,0.01
2460.0,2.2065280533015197,0.00010957829496828974,0.01
2462.0,2.2064624644887987,0.00010986511338772437,0.01
2464.0,2.2063968749312677,0.00011015287167689437,0.01
2466.0,2.206331285163662,0.00011044089505752818,0.01
2468.0,2.206265695396056,0.00011072891843816199,0.01
2470.0,2.206199994889789,0.00011101856145898244,0.01
2472.0,2.2061342873150966,0.0001113083078610914,0.01
2474.0,2.206068568438,0.00011159821911936668,0.01
2476.0,2.2060027418906314,0.00011188970084954212,0.01
2478.0,2.205936915343263,0.00011218118257971757,0.01
2480.0,2.2058710876064858,0.00011247296690799653,0.01
2482.0,2.205805256204388,0.00011276568373247204,0.01
2484.0,2.20573942480229,0.00011305840055694756,0.01
2486.0,2.2056735466985513,0.0001133517942355951,0.01
2488.0,2.2056075939934905,0.00011364626912285513,0.01
2490.0,2.2055416412884292,0.00011394074401011518,0.01
2492.0,2.2054756248975957,0.00011423613963846688,0.01
2494.0,2.2054095497198953,0.00011453238518167244,0.01
2496.0,2.205343474542195,0.00011482863072487801,0.01
2498.0,2.2052773936999652,0.00011512569912984372,0.01
2500.0,2.2052113098076043,0.00011542321061421873,0.01
2502.0,2.205145225915243,0.00011572072209859374,0.01
2504.0,2.2050789574207292,0.00011602001502636109,0.01
2506.0,2.205012633785312,0.00011631984007358331,0.01
2508.0,2.2049463101498956,0.00011661966512080552,0.01
2510.0,2.2048800786731433,0.00011692017292354748,0.01
2512.0,2.2048138585867876,0.00011722076511180312,0.01
2514.0,2.204747638500432,0.00011752135730005875,0.01
2516.0,2.2046811779196545,0.000117824277663209,0.01
2518.0,2.2046147161303624,0.00011812720972573056,0.01
2520.0,2.2045482529719793,0.00011843027262492596,0.01
2522.0,2.2044817774917727,0.00011873451305418587,0.01
2524.0,2.2044153020115664,0.00011903875348344577,0.01
2526.0,2.204348801287062,0.00011934335346468555,0.01
2528.0,2.2042821963489176,0.00011964943775025258,0.01
2530.0,2.2042155914107733,0.0001199555220358196,0.01
2532.0,2.20414898181399,0.00012026198533138358,0.01
2534.0,2.204082360529743,0.00012056939947658906,0.01
2536.0,2.2040157392454964,0.00012087681362179453,0.01
2538.0,2.2039490698656583,0.00012118490968561538,0.01
2540.0,2.203882316812667,0.00012149419210100001,0.01
2542.0,2.2038155637596755,0.00012180347451638463,0.01
2544.0,2.2037487522145054,0.0001221135849133959,0.01
2546.0,2.2036818662247444,0.00012242474910520478,0.01
2548.0,2.203614980234983,0.00012273591329701366,0.01
2550.0,2.203548083977551,0.0001230477726070408,0.01
2552.0,2.2034811778551022,0.0001233602997757483,0.01
2554.0,2.2034142717326533,0.00012367282694445575,0.01
2556.0,2.2033472235328575,0.00012398674578774488,0.01
2558.0,2.203280068151905,0.0001243017144908061,0.01
2560.0,2.2032129127709523,0.0001246166831938673,0.01
2562.0,2.2031458148832486,0.0001249321877560507,0.01
2564.0,2.2030787507614216,0.00012524800702914718,0.01
2566.0,2.203011686639594,0.00012556382630224365,0.01
2568.0,2.2029444529180204,0.00012588131271432484,0.01
2570.0,2.2028771375373095,0.00012619960182295428,0.01
2572.0,2.202809822156599,0.0001265178909315837,0.01
2574.0,2.202742570383333,0.0001268368067013939,0.01
2576.0,2.202675343346296,0.00012715596617277438,0.01
2578.0,2.2026081163092592,0.00012747512564415488,0.01
2580.0,2.2025406993227272,0.00012779615905947475,0.01
2582.0,2.202473219019697,0.0001281178171227744,0.01
2584.0,2.2024057387166667,0.00012843947518607408,0.01
2586.0,2.202338236867584,0.00012876224993359063,0.01
2588.0,2.2022707289414094,0.00012908533964332218,0.01
2590.0,2.202203221015235,0.00012940842935305373,0.01
2592.0,2.2021355993201173,0.00012973310836193473,0.01
2594.0,2.202067949182764,0.00013005818469560306,0.01
2596.0,2.20200029904541,0.0001303832610292714,0.01
2598.0,2.2019325320497827,0.00013070996827533948,0.01
2600.0,2.2018647385280437,0.00013103704572851673,0.01
2602.0,2.2017969450063046,0.00013136412318169398,0.01
2604.0,2.2017291256305,0.000131692411113225,0.01
2606.0,2.2016613007705,0.00013202095581289164,0.01
2608.0,2.2015934759105003,0.00013234950051255827,0.01
2610.0,2.2015256240005314,0.00013267926529129565,0.01
2612.0,2.201457766352691,0.00013300928887468436,0.01
2614.0,2.2013899087048503,0.0001333393124580731,0.01
2616.0,2.2013218393357143,0.0001336714485019668,0.01
2618.0,2.201253721907143,0.00013400406406143523,0.01
2620.0,2.2011856044785714,0.00013433667962090367,0.01
2622.0,2.2011174588468214,0.00013467050567977153,0.01
2624.0,2.201049306383245,0.00013500462496520202,0.01
2626.0,2.2009811539196686,0.0001353387442506325,0.01
2628.0,2.2009129728242245,0.00013567405331008087,0.01
2630.0,2.2008447838869305,0.00013600968823120296,0.01
2632.0,2.200776594949637,0.00013634532315232503,0.01
2634.0,2.200708292532158,0.0001366825308034728,0.01
2636.0,2.2006399532899836,0.00013702024881072158,0.01
2638.0,2.200571614047809,0.00013735796681797036,0.01
2640.0,2.2005031657342107,0.00013769719567321054,0.01
2642.0,2.2004346750039474,0.00013803701208044738,0.01
2644.0,2.2003661842736846,0.00013837682848768425,0.01
2646.0,2.2002975897219708,0.00013871808230816752,0.01
2648.0,2.2002289463131035,0.00013906001255841382,0.01
2650.0,2.2001603029042367,0.0001394019428086601,0.01
2652.0,2.200091704557778,0.00013974451125844446,0.01
2654.0,2.2000231321133334,0.00014008744654733335,0.01
2656.0,2.199954559668889,0.00014043038183622224,0.01
2658.0,2.1998858335754248,0.00014077487181255393,0.01
2660.0,2.1998169939152943,0.00014112051090569116,0.01
2662.0,2.1997481542551633,0.0001414661499988284,0.01
2664.0,2.199679292035114,0.000141812608925342,0.01
2666.0,2.199610408569316,0.0001421598399279479,0.01
2668.0,2.199541525103518,0.0001425070709305538,0.01
2670.0,2.1994725716399186,0.00014285526833683582,0.01
2672.0,2.199403530875691,0.00014320467103309594,0.01
2674.0,2.1993344901114633,0.00014355407372935606,0.01
2676.0,2.1992654322034197,0.00014390407505791568,0.01
2678.0,2.1991963451045544,0.0001442550956793095,0.01
2680.0,2.199127258005689,0.00014460611630070334,0.01
2682.0,2.1990581254180097,0.00014495776430015043,0.01
2684.0,2.198988878709272,0.0001453109862480469,0.01
2686.0,2.198919632000534,0.0001456642081959434,0.01
2688.0,2.19885037576429,0.00014601775079457586,0.01
2690.0,2.1987810801965484,0.000146372617105221,0.01
2692.0,2.1987117846288062,0.00014672748341586615,0.01
2694.0,2.1986424736783414,0.00014708256171362482,0.01
2696.0,2.198573016187198,0.00014743965946757007,0.01
2698.0,2.198503558696055,0.00014779675722151531,0.01
2700.0,2.1984341012049113,0.00014815385497546056,0.01
2702.0,2.1983644822219937,0.0001485131782790836,0.01
2704.0,2.1982948616078457,0.0001488725240630064,0.01
2706.0,2.1982252409936978,0.00014923186984692924,0.01
2708.0,2.198155574186923,0.00014959269865484615,0.01
2710.0,2.198085901081154,0.00014995372969330774,0.01
2712.0,2.1980162279753848,0.0001503147607317693,0.01
2714.0,2.1979464291341277,0.00015067752373868325,0.01
2716.0,2.1978765905869277,0.00015104083368300324,0.01
2718.0,2.1978067520397278,0.0001514041436273232,0.01
2720.0,2.197736878565598,0.00015176854119955342,0.01
2722.0,2.197666985015359,0.00015213356394373206,0.01
2724.0,2.1975970914651195,0.0001524985866879107,0.01
2726.0,2.197527114032357,0.000152864764576879,0.01
2728.0,2.1974570527170703,0.00015323209761063697,0.01
2730.0,2.1973869914017836,0.00015359943064439493,0.01
2732.0,2.1973169093874287,0.00015396739036531432,0.01
2734.0,2.1972467905747304,0.0001543364641967429,0.01
2736.0,2.1971766717620316,0.00015470553802817146,0.01
2738.0,2.1971065172289697,0.00015507510372005865,0.01
2740.0,2.197036228319303,0.0001554465197441474,0.01
2742.0,2.1969659394096355,0.00015581793576823616,0.01
2744.0,2.1968956410781644,0.00015618948157812028,0.01
2746.0,2.1968251808629744,0.00015656325734394306,0.01
2748.0,2.196754720647785,0.00015693703310976583,0.01
2750.0,2.196684260432595,0.0001573108088755886,0.01
2752.0,2.196613745518549,0.00015768618144658202,0.01
2754.0,2.1965432241873186,0.0001580617413522603,0.01
2756.0,2.196472702856088,0.00015843730125793853,0.01
2758.0,2.1964021362222326,0.00015881416485244814,0.01
2760.0,2.1963315524046227,0.00015919152294961792,0.01
2762.0,2.1962609685870125,0.0001595688810467877,0.01
2764.0,2.1961902895251493,0.00015994755128193874,0.01
2766.0,2.196119530947441,0.00016032731697173465,0.01
2768.0,2.1960487723697333,0.00016070708266153057,0.01
2770.0,2.195977950439122,0.00016108772160869275,0.01
2772.0,2.1959070158811285,0.00016146991301339497,0.01
2774.0,2.195836081323135,0.0001618521044180972,0.01
2776.0,2.195765135528437,0.00016223460913332815,0.01
2778.0,2.1956941348721872,0.00016261864354114066,0.01
2780.0,2.1956231342159374,0.00016300267794895314,0.01
2782.0,2.1955521335596875,0.00016338671235676563,0.01
2784.0,2.1954809599296725,0.00016377313250756165,0.01
2786.0,2.1954097809499533,0.0001641596264442231,0.01
2788.0,2.1953386019702337,0.0001645461203808846,0.01
2790.0,2.1952673705278847,0.000164934047296661,0.01
2792.0,2.1951961229695645,0.0001653224144086361,0.01
2794.0,2.1951248754112442,0.00016571078152061118,0.01
2796.0,2.1950535284784785,0.00016610052028261487,0.01
2798.0,2.194982100239348,0.0001664913813037329,0.01
2800.0,2.1949106720002174,0.0001668822423248509,0.01
2802.0,2.194839220312941,0.00016727373161792877,0.01
2804.0,2.1947677210188234,0.0001676664964934706,0.01
2806.0,2.1946962217247057,0.00016805926136901242,0.01
2808.0,2.1946247041269245,0.00016845227913128135,0.01
2810.0,2.194553021796167,0.00016884757287409432,0.01
2812.0,2.1944813394654097,0.00016924286661690728,0.01
2814.0,2.1944096571346523,0.00016963816035972027,0.01
2816.0,2.194337911191957,0.00017003512792246843,0.01
2818.0,2.1942661553213867,0.0001704323567172296,0.01
2820.0,2.194194399450817,0.00017082958551199078,0.01
2822.0,2.194122528634031,0.0001712284042431508,0.01
2824.0,2.1940505873663385,0.0001716281974514585,0.01
2826.0,2.193978646098646,0.0001720279906597662,0.01
2828.0,2.193906676705583,0.00017242851157657366,0.01
2830.0,2.193834659423374,0.00017283027156461046,0.01
2832.0,2.1937626421411656,0.0001732320315526473,0.01
2834.0,2.193690604204441,0.00017363407760227266,0.01
2836.0,2.193618399153905,0.00017403843815020525,0.01
2838.0,2.193546194103369,0.00017444279869813787,0.01
2840.0,2.193473989052833,0.00017484715924607046,0.01
2842.0,2.1934017176744427,0.00017525320898861374,0.01
2844.0,2.1933294341294047,0.0001756595685834229,0.01
2846.0,2.1932571505843663,0.00017606592817823204,0.01
2848.0,2.193184758657256,0.00017647379104534144,0.01
2850.0,2.193112284968232,0.0001768827879599756,0.01
2852.0,2.1930398112792076,0.00017729178487460974,0.01
2854.0,2.192967314109605,0.00017770137103018235,0.01
2856.0,2.19289475945307,0.00017811239981012158,0.01
2858.0,2.192822204796535,0.00017852342859006078,0.01
2860.0,2.19274965014,0.00017893445737,0.01
2862.0,2.1926769029503186,0.00017934816085437026,0.01
2864.0,2.1926041557606375,0.0001797618643387405,0.01
2866.0,2.192531408570956,0.00018017556782311074,0.01
2868.0,2.1924586025541757,0.00018059072730679119,0.01
2870.0,2.1923857719218005,0.00018100649603840994,0.01
2872.0,2.1923129412894253,0.0001814222647700287,0.01
2874.0,2.192240076745294,0.0001818388661147013,0.01
2876.0,2.1921671613335296,0.00018225671637895472,0.01
2878.0,2.1920942459217647,0.00018267456664320815,0.01
2880.0,2.192021313844548,0.0001830926489912997,0.01
2882.0,2.1919482023686445,0.0001835132296536491,0.01
2884.0,2.191875090892741,0.00018393381031599847,0.01
2886.0,2.1918019794168373,0.00018435439097834783,0.01
2888.0,2.191728716985699,0.0001847770764607052,0.01
2890.0,2.1916554081826916,0.00018520040852175782,0.01
2892.0,2.191582099379684,0.00018562374058281046,0.01
2894.0,2.191508751682264,0.0001860480114930899,0.01
2896.0,2.1914353544828633,0.00018647347730238527,0.01
2898.0,2.1913619572834633,0.00018689894311168064,0.01
2900.0,2.1912885391112873,0.00018732470194818415,0.01
2902.0,2.1912149421711673,0.0001877529584927949,0.01
2904.0,2.1911413452310478,0.00018818121503740565,0.01
2906.0,2.191067748290928,0.00018860947158201642,0.01
2908.0,2.190994081831582,0.00018903938732885966,0.01
2910.0,2.190920394016657,0.00018946981276527758,0.01
2912.0,2.1908467062017314,0.0001899002382016955,0.01
2914.0,2.1907729801225893,0.0001903315708370848,0.01
2916.0,2.1906992001047323,0.00019076418229512055,0.01
2918.0,2.190625420086875,0.00019119679375315628,0.01
2920.0,2.190551628886939,0.0001916295619267816,0.01
2922.0,2.1904776455585586,0.00019206502275917386,0.01
2924.0,2.190403662230178,0.0001925004835915661,0.01
2926.0,2.1903296789017976,0.00019293594442395832,0.01
2928.0,2.1902556302397778,0.0001933729384855555,0.01
2930.0,2.190181552224963,0.00019381062138925924,0.01
2932.0,2.190107474210148,0.00019424830429296298,0.01
2934.0,2.1900333313864198,0.0001946868976758802,0.01
2936.0,2.1899590476290234,0.0001951274709897855,0.01
2938.0,2.189884763871627,0.0001955680443036908,0.01
2940.0,2.1898104801142306,0.00019600861761759613,0.01
2942.0,2.189736105503953,0.00019645130286505752,0.01
2944.0,2.1896617245776993,0.0001968941349314292,0.01
2946.0,2.1895873436514455,0.00019733696699780092,0.01
2948.0,2.189512849263196,0.00019778139709016352,0.01
2950.0,2.1894382601497937,0.00019822716131431668,0.01
2952.0,2.189363671036392,0.00019867292553846986,0.01
2954.0,2.1892890669745815,0.00019911903417450666,0.01
2956.0,2.1892143782051248,0.000199567094477884,0.01
2958.0,2.189139689435668,0.00020001515478126138,0.01
2960.0,2.1890650006662113,0.00020046321508463872,0.01
2962.0,2.1889901549669504,0.00020091349148871696,0.01
2964.0,2.1889152555534603,0.0002013645264239076,0.01
2966.0,2.1888403561399707,0.00020181556135909825,0.01
2968.0,2.1887654225079096,0.00020226737820609796,0.01
2970.0,2.18869042094943,0.00020272074720639036,0.01
2972.0,2.1886154193909504,0.00020317411620668273,0.01
2974.0,2.188540417832471,0.0002036274852069751,0.01
2976.0,2.188465321598324,0.00020408300680025362,0.01
2978.0,2.1883902165691693,0.00020453872836118653,0.01
2980.0,2.1883151115400143,0.00020499444992211948,0.01
2982.0,2.1882399025846286,0.00020545164491802179,0.01
2984.0,2.188164583274585,0.00020591040448920088,0.01
2986.0,2.1880892639645415,0.00020636916406037995,0.01
2988.0,2.1880139393562845,0.0002068280432087185,0.01
2990.0,2.187938514081974,0.00020728919432308715,0.01
2992.0,2.187863088807663,0.00020775034543745577,0.01
2994.0,2.187787663533353,0.0002082114965518244,0.01
2996.0,2.187712107117203,0.00020867451248582608,0.01
2998.0,2.187636465079522,0.00020913874594669565,0.01
3000.0,2.187560823041841,0.0002096029794075652,0.01
3002.0,2.187485164192052,0.00021006758970749852,0.01
3004.0,2.187409413689162,0.00021053425438813438,0.01
3006.0,2.187333663186272,0.0002110009190687702,0.01
3008.0,2.1872579126833815,0.00021146758374940603,0.01
3010.0,2.1871820858717004,0.00021193595154841063,0.01
3012.0,2.1871062255719886,0.00021240506675907346,0.01
3014.0,2.187030365272277,0.00021287418196973626,0.01
3016.0,2.1869544553742446,0.00021334400560186326,0.01
3018.0,2.186878374637554,0.00021381626935236688,0.01
3020.0,2.1868022939008633,0.00021428853310287047,0.01
3022.0,2.1867262131641727,0.0002147607968533741,0.01
3024.0,2.186650048203099,0.00021523492904767144,0.01
3026.0,2.186573855167231,0.00021570968405656673,0.01
3028.0,2.1864976621313628,0.000216184439065462,0.01
3030.0,2.1864214100137964,0.00021666004070592125,0.01
3032.0,2.186344994028123,0.00021713799055090693,0.01
3034.0,2.18626857804245,0.0002176159403958926,0.01
3036.0,2.1861921620567766,0.0002180938902408783,0.01
3038.0,2.1861156570877855,0.00021857380294310007,0.01
3040.0,2.186039126284929,0.00021905428550710005,0.01
3042.0,2.1859625954820716,0.00021953476807110004,0.01
3044.0,2.1858860327406697,0.0002200159526792593,0.01
3046.0,2.1858093857976497,0.00022049898813111116,0.01
3048.0,2.1857327388546297,0.00022098202358296302,0.01
3050.0,2.1856560919116097,0.00022146505903481486,0.01
3052.0,2.185579271563812,0.00022195059144203988,0.01
3054.0,2.1855023979478805,0.00022243689088784354,0.01
3056.0,2.1854255243319485,0.00022292319033364723,0.01
3058.0,2.185348621050496,0.00022341013864388652,0.01
3060.0,2.1852716287724823,0.0002238990335474326,0.01
3062.0,2.185194636494468,0.0002243879284509787,0.01
3064.0,2.185117644216454,0.0002248768233545248,0.01
3066.0,2.185040485751473,0.0002253681197146926,0.01
3068.0,2.1849632642500567,0.00022586032697219968,0.01
3070.0,2.1848860427486403,0.00022635253422970675,0.01
3072.0,2.1848087976150423,0.00022684525605323725,0.01
3074.0,2.184731454922952,0.0002273401021108644,0.01
3076.0,2.1846541122308616,0.0002278349481684915,0.01
3078.0,2.1845767695387712,0.00022832979422611864,0.01
3080.0,2.1844993465910845,0.0002288263825039324,0.01
3082.0,2.184421881371366,0.00022932388843970706,0.01
3084.0,2.1843444161516476,0.00022982139437548171,0.01
3086.0,2.184266926468143,0.000230319255697692,0.01
3088.0,2.184189228259986,0.00023082014626618706,0.01
3090.0,2.1841115300518283,0.00023132103683468213,0.01
3092.0,2.184033831843671,0.0002318219274031772,0.01
3094.0,2.1839560648495793,0.000232324305386784,0.01
3096.0,2.183878241576087,0.00023282790034639134,0.01
3098.0,2.183800418302595,0.00023333149530599864,0.01
3100.0,2.1837225950291024,0.00023383509026560597,0.01
3102.0,2.1836446472496083,0.00023434137036783641,0.01
3104.0,2.1835666975740837,0.00023484769136056368,0.01
3106.0,2.1834887478985596,0.00023535401235329095,0.01
3108.0,2.1834107011410335,0.00023586175147532405,0.01
3110.0,2.1833325146801394,0.0002363715313200168,0.01
3112.0,2.183254328219246,0.00023688131116470957,0.01
3114.0,2.1831761417583517,0.00023739109100940232,0.01
3116.0,2.1830978482655152,0.00023790317141146245,0.01
3118.0,2.1830195328504733,0.00023841572301201954,0.01
3120.0,2.182941217435432,0.00023892827461257662,0.01
3122.0,2.18286287075,0.00023944149676893335,0.01
3124.0,2.1827844250416666,0.0002399568423519889,0.01
3126.0,2.1827059793333334,0.0002404721879350445,0.01
3128.0,2.182627533625,0.00024098753351810005,0.01
3130.0,2.1825489339222885,0.00024150514154750629,0.01
3132.0,2.182470247597739,0.00024202402220298473,0.01
3134.0,2.18239156127319,0.0002425429028584632,0.01
3136.0,2.1823128702986585,0.00024306188294731943,0.01
3138.0,2.182234051117469,0.0002435836045564481,0.01
3140.0,2.1821552319362794,0.00024410532616557677,0.01
3142.0,2.18207641275509,0.00024462704777470544,0.01
3144.0,2.1819974914090055,0.0002451502764908288,0.01
3146.0,2.1819184289780664,0.0002456755864499448,0.01
3148.0,2.181839366547127,0.00024620089640906077,0.01
3150.0,2.181760304116188,0.0002467262063681768,0.01
3152.0,2.1816812204905225,0.0002472532461259422,0.01
3154.0,2.181602131566176,0.00024778071833336996,0.01
3156.0,2.1815230426418295,0.00024830819054079775,0.01
3158.0,2.181443913174835,0.00024883626311586395,0.01
3160.0,2.1813645785374725,0.0002493673739150398,0.01
3162.0,2.18128524390011,0.0002498984847142156,0.01
3164.0,2.181205909262747,0.0002504295955133914,0.01
3166.0,2.1811264448752263,0.0002509626320517448,0.01
3168.0,2.181046863094705,0.00025149741092554456,0.01
3170.0,2.180967281314184,0.00025203218979934433,0.01
3172.0,2.1808876995336623,0.0002525669686731441,0.01
3174.0,2.1808079951135975,0.00025310435340782225,0.01
3176.0,2.180728273969959,0.0002536420934871656,0.01
3178.0,2.18064855282632,0.00025417983356650894,0.01
3180.0,2.1805688000213097,0.0002547182452924134,0.01
3182.0,2.180488938160464,0.0002552589704675839,0.01
3184.0,2.1804090762996178,0.0002557996956427544,0.01
3186.0,2.180329214438772,0.0002563404208179249,0.01
3188.0,2.180249273018095,0.00025688283114315235,0.01
3190.0,2.1801692690861225,0.00025742656551485304,0.01
3192.0,2.1800892651541495,0.00025797029988655374,0.01
3194.0,2.180009261222177,0.00025851403425825443,0.01
3196.0,2.17992903398875,0.0002590611107447106,0.01
3198.0,2.17984877773875,0.00025960862151726494,0.01
3200.0,2.17976852148875,0.0002601561322898193,0.01
3202.0,2.1796882355794445,0.00026070427039705555,0.01
3204.0,2.179607834649905,0.00026125484133878997,0.01
3206.0,2.179527433720366,0.0002618054122805244,0.01
3208.0,2.1794470327908266,0.00026235598322225885,0.01
3210.0,2.1793665566530946,0.0002629081429065041,0.01
3212.0,2.1792860096882296,0.00026346179878515276,0.01
3214.0,2.179205462723365,0.0002640154546638014,0.01
3216.0,2.1791249157585,0.00026456911054245,0.01
3218.0,2.179044248665633,0.00026512530101051486,0.01
3220.0,2.178963554304447,0.0002656820668148275,0.01
3222.0,2.1788828599432613,0.00026623883261914016,0.01
3224.0,2.1788021385376313,0.0002667960067374751,0.01
3226.0,2.1787211866103093,0.0002673566612467618,0.01
3228.0,2.178640234682988,0.0002679173157560485,0.01
3230.0,2.1785592827556663,0.0002684779702653352,0.01
3232.0,2.1784782723177987,0.0002690398582634712,0.01
3234.0,2.178397170363436,0.0002696036755646792,0.01
3236.0,2.1783160684090737,0.00027016749286588724,0.01
3238.0,2.178234966454711,0.00027073131016709526,0.01
3240.0,2.1781536913934985,0.000271297753247634,0.01
3242.0,2.178072329128083,0.000271865519089189,0.01
3244.0,2.1779909668626676,0.0002724332849307439,0.01
3246.0,2.177909604597252,0.0002730010507722989,0.01
3248.0,2.1778282013401333,0.00027357111141628035,0.01
3250.0,2.177746795233324,0.00027414133159198124,0.01
3252.0,2.177665389126515,0.0002747115517676822,0.01
3254.0,2.17758393307304,0.00027528253292378926,0.01
3256.0,2.17750226408904,0.0002758567582595226,0.01
3258.0,2.17742059510504,0.000276430983595256,0.01
3260.0,2.17733892612104,0.00027700520893098935,0.01
3262.0,2.177257140812397,0.0002775812110788616,0.01
3264.0,2.1771752074542077,0.00027815947462400133,0.01
3266.0,2.177093274096019,0.00027873773816914114,0.01
3268.0,2.1770113407378298,0.00027931600171428095,0.01
3270.0,2.176929374612361,0.0002798959962006061,0.01
3272.0,2.176847393418727,0.00028047678666718435,0.01
3274.0,2.176765412225093,0.0002810575771337626,0.01
3276.0,2.176683431031459,0.0002816383676003408,0.01
3278.0,2.1766012055669934,0.0002822229063070145,0.01
3280.0,2.176518957410702,0.00028280779321085555,0.01
3282.0,2.1764367092544106,0.0002833926801146966,0.01
3284.0,2.176354438772523,0.0002839780363391122,0.01
3286.0,2.1762720311476884,0.0002845662755327714,0.01
3288.0,2.1761896235228533,0.0002851545147264306,0.01
3290.0,2.1761072158980186,0.00028574275392008984,0.01
3292.0,2.17602475116975,0.00028633219290477606,0.01
3294.0,2.1759421826901715,0.000286923811791469,0.01
3296.0,2.175859614210593,0.00028751543067816204,0.01
3298.0,2.1757770457310146,0.00028810704956485505,0.01
3300.0,2.1756943254416843,0.0002887010150047473,0.01
3302.0,2.175611485873263,0.0002892968241650105,0.01
3304.0,2.175528646304842,0.00028989263332527366,0.01
3306.0,2.175445806736421,0.00029048844248553686,0.01
3308.0,2.1753629255450067,0.0002910862674087602,0.01
3310.0,2.1752800312094887,0.0002916847288887078,0.01
3312.0,2.175197136873971,0.0002922831903686554,0.01
3314.0,2.1751142425384535,0.000292881651848603,0.01
3316.0,2.1750310895306284,0.0002934841307772658,0.01
3318.0,2.174947921467801,0.0002940868435256951,0.01
3320.0,2.174864753404974,0.00029468955627412436,0.01
3322.0,2.174781550933333,0.00029529280486703923,0.01
3324.0,2.1746981076,0.00029589980437135297,0.01
3326.0,2.1746146642666666,0.00029650680387566665,0.01
3328.0,2.1745312209333334,0.0002971138033799804,0.01
3330.0,2.174447759961719,0.0002977216220655,0.01
3332.0,2.1743642578341147,0.0002983313521738333,0.01
3334.0,2.1742807557065107,0.00029894108228216664,0.01
3336.0,2.1741972535789063,0.0002995508123905,0.01
3338.0,2.174113623600091,0.00030016254327158,0.01
3340.0,2.1740298435350716,0.00030077662288588425,0.01
3342.0,2.173946063470052,0.00030139070250018857,0.01
3344.0,2.1738622834050325,0.00030200478211449283,0.01
3346.0,2.173778398502957,0.00030262106577263423,0.01
3348.0,2.17369444797118,0.0003032387291980557,0.01
3350.0,2.173610497439403,0.00030385639262347727,0.01
3352.0,2.173526546907626,0.0003044740560488988,0.01
3354.0,2.1734424657532467,0.00030509446561402716,0.01
3356.0,2.1733583433496246,0.0003057157423811682,0.01
3358.0,2.1732742209460025,0.0003063370191483092,0.01
3360.0,2.17319009854238,0.0003069582959154502,0.01
3362.0,2.1731058210517804,0.00030758283329839484,0.01
3364.0,2.173021525366619,0.00030820775321168515,0.01
3366.0,2.172937229681458,0.00030883267312497545,0.01
3368.0,2.172852928325361,0.00030945768270367524,0.01
3370.0,2.1727683490934018,0.0003100870858874381,0.01
3372.0,2.172683769861443,0.00031071648907120107,0.01
3374.0,2.1725991906294846,0.00031134589225496396,0.01
3376.0,2.172514586750771,0.00031197581431609,0.01
3378.0,2.1724298314705655,0.0003126089237667327,0.01
3380.0,2.1723450761903598,0.00031324203321737534,0.01
3382.0,2.172260320910154,0.000313875142668018,0.01
3384.0,2.1721755212634615,0.00031450918635285896,0.01
3386.0,2.1720905885173076,0.00031514603274029483,0.01
3388.0,2.172005655771154,0.0003157828791277307,0.01
3390.0,2.171920723025,0.0003164197255151666,0.01
3392.0,2.1718357276653197,0.0003170578906656444,0.01
3394.0,2.171750616023376,0.0003176985049474859,0.01
3396.0,2.171665504381432,0.00031833911922932737,0.01
3398.0,2.1715803927394886,0.00031897973351116885,0.01
3400.0,2.171495153831137,0.00031962238153758753,0.01
3402.0,2.171409752947356,0.0003202676179661954,0.01
3404.0,2.171324352063576,0.0003209128543948033,0.01
3406.0,2.1712389511797956,0.0003215580908234112,0.01
3408.0,2.171153512070305,0.0003222049062817709,0.01
3410.0,2.171068038375649,0.00032285315038609665,0.01
3412.0,2.1709825646809926,0.00032350139449042233,0.01
3414.0,2.170897090986336,0.0003241496385947481,0.01
3416.0,2.1708114435438883,0.00032480067391355016,0.01
3418.0,2.1707256778361375,0.0003254536091346429,0.01
3420.0,2.1706399121283866,0.00032610654435573567,0.01
3422.0,2.1705541464206357,0.00032675947957682837,0.01
3424.0,2.170468258899316,0.0003274149871427832,0.01
3426.0,2.1703823086255514,0.00032807181985609126,0.01
3428.0,2.1702963583517874,0.0003287286525693993,0.01
3430.0,2.170210408078023,0.0003293854852827073,0.01
3432.0,2.170124324812946,0.0003300451279174274,0.01
3434.0,2.170038188537345,0.0003307058905907523,0.01
3436.0,2.1699520522617446,0.00033136665326407715,0.01
3438.0,2.1698659159861444,0.000332027415937402,0.01
3440.0,2.169779554416869,0.0003326918281573333,0.01
3442.0,2.169693121702222,0.00033335739286566665,0.01
3444.0,2.169606688987576,0.000334022957574,0.01
3446.0,2.169520256272929,0.0003346885222823333,0.01
3448.0,2.1694337596389306,0.0003353566122081509,0.01
3450.0,2.1693472470250943,0.0003360253334383396,0.01
3452.0,2.169260734411258,0.00033669405466852834,0.01
3454.0,2.1691742217974217,0.00033736277589871703,0.01
3456.0,2.1690874622894976,0.0003380355184983028,0.01
3458.0,2.1690006504101005,0.0003387091141156395,0.01
3460.0,2.1689138385307034,0.00033938270973297616,0.01
3462.0,2.1688270266513063,0.00034005630535031284,0.01
3464.0,2.1687400527349623,0.00034073333666603134,0.01
3466.0,2.1686530490958646,0.0003414109981986128,0.01
3468.0,2.168566045456767,0.00034208865973119426,0.01
3470.0,2.1684790418176694,0.0003427663212637757,0.01
3472.0,2.168391872972563,0.0003434474882834625,0.01
3474.0,2.1683046761100626,0.0003441292498009625,0.01
3476.0,2.168217479247563,0.0003448110113184625,0.01
3478.0,2.1681302823850626,0.00034549277283596247,0.01
3480.0,2.168042919068055,0.00034617806924858104,0.01
3482.0,2.1679555275219204,0.00034686396514633665,0.01
3484.0,2.1678681359757856,0.0003475498610440923,0.01
3486.0,2.167780744429651,0.0003482357569418479,0.01
3488.0,2.167693187134341,0.0003489251757333122,0.01
3490.0,2.167605599435336,0.00034961524073604856,0.01
3492.0,2.167518011736331,0.00035030530573878485,0.01
3494.0,2.167430424037326,0.0003509953707415212,0.01
3496.0,2.1673425833345963,0.0003516896156978634,0.01
3498.0,2.1672546889644098,0.00035238474731103106,0.01
3500.0,2.1671667945942237,0.00035307987892419873,0.01
3502.0,2.167078900224037,0.00035377501053736646,0.01
3504.0,2.1669909338173268,0.00035447284384198017,0.01
3506.0,2.166902949401485,0.00035517135256945545,0.01
3508.0,2.1668149649856434,0.00035586986129693067,0.01
3510.0,2.166726980569802,0.00035656837002440595,0.01
3512.0,2.1666387608718787,0.0003572707881964586,0.01
3514.0,2.1665504668743507,0.0003579744409299567,0.01
3516.0,2.166462172876823,0.00035867809366345484,0.01
3518.0,2.1663738788792952,0.00035938174639695296,0.01
3520.0,2.166285440423551,0.0003600884840385351,0.01
3522.0,2.16619694438656,0.0003607964513287941,0.01
3524.0,2.1661084483495685,0.000361504418619053,0.01
3526.0,2.166019952312577,0.000362212385909312,0.01
3528.0,2.1659313219457568,0.00036292322487257566,0.01
3530.0,2.165842622378721,0.0003636355431825388,0.01
3532.0,2.1657539228116853,0.0003643478614925019,0.01
3534.0,2.1656652232446496,0.00036506017980246497,0.01
3536.0,2.1655764016895707,0.00036577510887502335,0.01
3538.0,2.1654874971006133,0.00036649181502128097,0.01
3540.0,2.1653985925116563,0.00036720852116753865,0.01
3542.0,2.1653096879226994,0.00036792522731379627,0.01
3544.0,2.1652206759420807,0.0003686442344663598,0.01
3546.0,2.1651315648306975,0.00036936536562474416,0.01
3548.0,2.1650424537193143,0.00037008649678312846,0.01
3550.0,2.1649533426079315,0.0003708076279415128,0.01
3552.0,2.164864093508545,0.0003715310861687933,0.01
3554.0,2.1647746651833617,0.0003722575669108472,0.01
3556.0,2.1646852368581784,0.00037298404765290097,0.01
3558.0,2.164595808532995,0.00037371052839495477,0.01
3560.0,2.1645063455897198,0.0003744382557671413,0.01
3562.0,2.164416816922241,0.0003751683499298697,0.01
3564.0,2.1643272882547624,0.00037589844409259803,0.01
3566.0,2.1642377595872837,0.00037662853825532643,0.01
3568.0,2.1641481540686134,0.0003773599362048686,0.01
3570.0,2.164058305187835,0.00037809546281265447,0.01
3572.0,2.1639684563070563,0.00037883098942044036,0.01
3574.0,2.1638786074262772,0.00037956651602822624,0.01
3576.0,2.163788745104703,0.0003803025215128957,0.01
3578.0,2.163698792833188,0.00038104173178901696,0.01
3580.0,2.1636088405616727,0.00038178094206513816,0.01
3582.0,2.1635188882901577,0.0003825201523412594,0.01
3584.0,2.163428934402434,0.0003832593902020352,0.01
3586.0,2.1633386588891166,0.00038400411740905694,0.01
3588.0,2.1632483833757994,0.0003847488446160787,0.01
3590.0,2.163158107862482,0.00038549357182310047,0.01
3592.0,2.163067832349165,0.0003862382990301223,0.01
3594.0,2.162977368181437,0.0003869871031064529,0.01
3596.0,2.16288687706308,0.00038773648959268477,0.01
3598.0,2.162796385944722,0.00038848587607891665,0.01
3600.0,2.1627058948263644,0.0003892352625651485,0.01
3602.0,2.1626152441087227,0.000389988102901771,0.01
3604.0,2.162524535848482,0.0003907421885041806,0.01
3606.0,2.162433827588241,0.00039149627410659026,0.01
3608.0,2.1623431193280003,0.00039225035970899986,0.01
3610.0,2.1622522831401563,0.00039300721783031234,0.01
3612.0,2.1621613562002526,0.0003937660427812739,0.01
3614.0,2.1620704292603485,0.0003945248677322355,0.01
3616.0,2.1619795023204444,0.00039528369268319706,0.01
3618.0,2.1618884817867143,0.0003960445491246282,0.01
3620.0,2.161797334626043,0.0003968081540531654,0.01
3622.0,2.1617061874653714,0.00039757175898170257,0.01
3624.0,2.1616150403047,0.0003983353639102397,0.01
3626.0,2.161523808688994,0.00039910043286611486,0.01
3628.0,2.1614323303321075,0.00039986977907833046,0.01
3630.0,2.1613408519752215,0.000400639125290546,0.01
3632.0,2.161249373618335,0.0004014084715027616,0.01
3634.0,2.1611578861489975,0.0004021781330898472,0.01
3636.0,2.161066293886468,0.0004029514214879379,0.01
3638.0,2.160974701623938,0.00040372470988602865,0.01
3640.0,2.160883109361408,0.0004044979982841194,0.01
3642.0,2.1607915170988785,0.0004052712866822101,0.01
3644.0,2.1606997246865003,0.000406048939918112,0.01
3646.0,2.1606079075365,0.0004068271326283501,0.01
3648.0,2.1605160903865,0.00040760532533858817,0.01
3650.0,2.1604242732365,0.00040838351804882623,0.01
3652.0,2.1603322243180023,0.0004091657664326053,0.01
3654.0,2.160240071271629,0.00040994983693058387,0.01
3656.0,2.1601479182252556,0.0004107339074285624,0.01
3658.0,2.1600557651788823,0.000411517977926541,0.01
3660.0,2.1599635546204383,0.0004123040165966445,0.01
3662.0,2.159871282992476,0.00041309214518147865,0.01
3664.0,2.159779011364514,0.00041388027376631283,0.01
3666.0,2.159686739736552,0.000414668402351147,0.01
3668.0,2.1595943782549702,0.00041545811326861075,0.01
3670.0,2.1595017675567454,0.0004162522129199717,0.01
3672.0,2.1594091568585205,0.0004170463125713326,0.01
3674.0,2.1593165461602957,0.00041784041222269353,0.01
3676.0,2.1592239305934906,0.0004186346773670094,0.01
3678.0,2.159131198180755,0.0004194329143422453,0.01
3680.0,2.159038465768019,0.00042023115131748114,0.01
3682.0,2.158945733355283,0.00042102938829271695,0.01
3684.0,2.158853000942547,0.0004218276252679528,0.01
3686.0,2.1587599947097056,0.00042263071521621553,0.01
3688.0,2.1586669200218376,0.00042343501840773497,0.01
3690.0,2.158573845333969,0.00042423932159925447,0.01
3692.0,2.158480770646101,0.0004250436247907739,0.01
3694.0,2.158387565875217,0.0004258507963708696,0.01
3696.0,2.158294256803537,0.000426660267830094,0.01
3698.0,2.1582009477318564,0.0004274697392893185,0.01
3700.0,2.158107638660176,0.0004282792107485429,0.01
3702.0,2.1580142916519205,0.00042908995997824356,0.01
3704.0,2.1579208561249885,0.00042990369067238873,0.01
3706.0,2.157827420598056,0.00043071742136653395,0.01
3708.0,2.157733985071124,0.0004315311520606792,0.01
3710.0,2.1576405391301403,0.00043234506913125616,0.01
3712.0,2.157546756468152,0.0004331650123731275,0.01
3714.0,2.157452973806164,0.0004339849556149988,0.01
3716.0,2.157359191144175,0.0004348048988568701,0.01
3718.0,2.157265408482187,0.00043562484209874145,0.01
3720.0,2.1571714452151456,0.0004364487901868541,0.01
3722.0,2.1570774233411667,0.0004372740378608331,0.01
3724.0,2.156983401467188,0.0004380992855348121,0.01
3726.0,2.156889379593209,0.0004389245332087911,0.01
3728.0,2.15679524452624,0.00043975229573384867,0.01
3730.0,2.156700981816112,0.0004405828941548033,0.01
3732.0,2.156606719105984,0.00044141349257575783,0.01
3734.0,2.156512456395856,0.00044224409099671245,0.01
3736.0,2.156418151254716,0.000443075633986439,0.01
3738.0,2.156323646081661,0.0004439116299432334,0.01
3740.0,2.1562291409086063,0.0004447476259000278,0.01
3742.0,2.156134635735552,0.0004455836218568222,0.01
3744.0,2.156040130562497,0.00044641961781361665,0.01
3746.0,2.15594541302511,0.0004472603507473047,0.01
3748.0,2.1558506637551216,0.00044810179150512626,0.01
3750.0,2.155755914485133,0.00044894323226294785,0.01
3752.0,2.155661165215145,0.00044978467302076943,0.01
3754.0,2.1555663404406813,0.00045062861936500927,0.01
3756.0,2.155471455126593,0.0004514745746929538,0.01
3758.0,2.1553765698125056,0.00045232053002089835,0.01
3760.0,2.155281684498418,0.0004531664853488429,0.01
3762.0,2.1551867188407265,0.00045401390740187534,0.01
3764.0,2.155091476443956,0.00045486638150798835,0.01
3766.0,2.1549962340471858,0.0004557188556141014,0.01
3768.0,2.154900991650415,0.0004565713297202144,0.01
3770.0,2.1548057492536445,0.0004574238038263275,0.01
3772.0,2.154710285211841,0.00045828125261641184,0.01
3774.0,2.154614793775708,0.000459139316255077,0.01
3776.0,2.1545193023395743,0.00045999737989374214,0.01
3778.0,2.154423810903441,0.00046085544353240723,0.01
3780.0,2.154328182834914,0.00046171658030363363,0.01
3782.0,2.1542324406971414,0.00046258028271764056,0.01
3784.0,2.1541366985593684,0.0004634439851316475,0.01
3786.0,2.154040956421596,0.00046430768754565443,0.01
3788.0,2.153945166332932,0.0004651724707794651,0.01
3790.0,2.15384917182205,0.0004660418617187549,0.01
3792.0,2.1537531773111684,0.0004669112526580447,0.01
3794.0,2.1536571828002864,0.0004677806435973345,0.01
3796.0,2.1535611882894043,0.00046865003453662435,0.01
3798.0,2.1534649841936573,0.0004695241599784858,0.01
3800.0,2.1533687356405142,0.0004703992897087715,0.01
3802.0,2.153272487087371,0.0004712744194390572,0.01
3804.0,2.1531762385342286,0.00047214954916934286,0.01
3806.0,2.1530798749017217,0.00047302728421046413,0.01
3808.0,2.152983370616659,0.0004739082035203843,0.01
3810.0,2.1528868663315963,0.0004747891228303045,0.01
3812.0,2.1527903620465336,0.00047567004214022466,0.01
3814.0,2.1526938481763978,0.00047655127560900683,0.01
3816.0,2.1525971964286703,0.0004774370281321887,0.01
3818.0,2.1525005446809433,0.00047832278065537047,0.01
3820.0,2.152403892933216,0.00047920853317855226,0.01
3822.0,2.152307241185489,0.00048009428570173405,0.01
3824.0,2.152210344005017,0.00048098462701029736,0.01
3826.0,2.152113323185494,0.0004818772799626243,0.01
3828.0,2.1520163023659706,0.00048276993291495115,0.01
3830.0,2.151919281546447,0.0004836625858672781,0.01
3832.0,2.151822192913046,0.00048455678455602716,0.01
3834.0,2.151724911270917,0.00048545538264843944,0.01
3836.0,2.151627629628788,0.0004863539807408517,0.01
3838.0,2.151530347986659,0.0004872525788332639,0.01
3840.0,2.15143306634453,0.00048815117692567613,0.01
3842.0,2.1513355628629602,0.0004890548433968486,0.01
3844.0,2.1512380186889493,0.0004899594395706339,0.01
3846.0,2.151140474514938,0.0004908640357444193,0.01
3848.0,2.1510429303409264,0.0004917686319182046,0.01
3850.0,2.150945321440811,0.0004926753390434325,0.01
3852.0,2.150847623157027,0.0004935849612920811,0.01
3854.0,2.150749924873243,0.0004944945835407298,0.01
3856.0,2.150652226589459,0.0004954042057893784,0.01
3858.0,2.1505545283056753,0.000496313828038027,0.01
3860.0,2.1504564614187403,0.0004972304388064016,0.01
3862.0,2.1503583870092915,0.0004981471921976277,0.01
3864.0,2.1502603125998427,0.0004990639455888539,0.01
3866.0,2.150162238190394,0.00049998069898008,0.01
3868.0,2.1500640205527497,0.0005009007481145837,0.01
3870.0,2.149965678427048,0.0005018236617736185,0.01
3872.0,2.1498673363013467,0.0005027465754326532,0.01
3874.0,2.1497689941756453,0.000503669489091688,0.01
3876.0,2.1496706393172706,0.0005045928168450424,0.01
3878.0,2.1495721380331543,0.0005055209066830738,0.01
3880.0,2.149473636749038,0.0005064489965211051,0.01
3882.0,2.1493751354649215,0.0005073770863591364,0.01
3884.0,2.149276634180805,0.0005083051761971677,0.01
3886.0,2.149177900172,0.0005092377254755462,0.01
3888.0,2.149079017372,0.000510173125871524,0.01
3890.0,2.148980134572,0.0005111085262675016,0.01
3892.0,2.148881251772,0.0005120439266634792,0.01
3894.0,2.1487823470274945,0.0005129800397176938,0.01
3896.0,2.1486833016756015,0.0005139207190635735,0.01
3898.0,2.148584256323708,0.0005148613984094532,0.01
3900.0,2.148485210971815,0.000515802077755333,0.01
3902.0,2.1483861656199217,0.0005167427571012127,0.01
3904.0,2.1482869430985,0.0005176875514578734,0.01
3906.0,2.1481876230651666,0.0005186346106654289,0.01
3908.0,2.1480883030318334,0.0005195816698729845,0.01
3910.0,2.1479889829985,0.0005205287290805402,0.01
3912.0,2.1478896068509767,0.0005214768751604907,0.01
3914.0,2.1477898998232297,0.000522431430039736,0.01
3916.0,2.147690192795483,0.0005233859849189811,0.01
3918.0,2.147590485767736,0.0005243405397982264,0.01
3920.0,2.147490778739989,0.0005252950946774715,0.01
3922.0,2.1473909643855755,0.0005262531294288318,0.01
3924.0,2.1472910896599116,0.0005272131216082566,0.01
3926.0,2.147191214934248,0.0005281731137876814,0.01
3928.0,2.147091340208584,0.0005291331059671063,0.01
3930.0,2.146991431879404,0.000530093884667967,0.01
3932.0,2.1468912771244373,0.000531060431192691,0.01
3934.0,2.1467911223694705,0.0005320269777174151,0.01
3936.0,2.1466909676145036,0.000532993524242139,0.01
3938.0,2.1465908128595363,0.0005339600707668631,0.01
3940.0,2.1464904918243173,0.0005349305194076938,0.01
3942.0,2.146390055238414,0.0005359036796885308,0.01
3944.0,2.146289618652511,0.0005368768399693678,0.01
3946.0,2.146189182066608,0.0005378500002502048,0.01
3948.0,2.146088731298791,0.0005388234942212417,0.01
3950.0,2.1459880110746155,0.0005398033283060769,0.01
3952.0,2.14588729085044,0.000540783162390912,0.01
3954.0,2.1457865706262638,0.0005417629964757472,0.01
3956.0,2.145685850402088,0.0005427428305605824,0.01
3958.0,2.145584987447895,0.0005437260318949956,0.01
3960.0,2.145483981763684,0.0005447126004789868,0.01
3962.0,2.145382976079474,0.0005456991690629781,0.01
3964.0,2.1452819703952635,0.0005466857376469693,0.01
3966.0,2.1451809647110527,0.0005476723062309605,0.01
3968.0,2.145079793043443,0.0005486642424056722,0.01
3970.0,2.1449786107811475,0.0005496565211925574,0.01
3972.0,2.1448774285188525,0.0005506487999794427,0.01
3974.0,2.144776246256557,0.0005516410787663278,0.01
3976.0,2.144674918057325,0.0005526362569323918,0.01
3978.0,2.1445733359678054,0.0005536364792238765,0.01
3980.0,2.144471753878286,0.0005546367015153613,0.01
3982.0,2.1443701717887667,0.0005556369238068459,0.01
3984.0,2.144268589699247,0.0005566371460983306,0.01
3986.0,2.1441668662228293,0.0005576419407251816,0.01
3988.0,2.1440651040226117,0.0005586479876477061,0.01
3990.0,2.143963341822394,0.0005596540345702306,0.01
3992.0,2.1438615796221763,0.0005606600814927552,0.01
3994.0,2.1437597407239566,0.0005616676635809304,0.01
3996.0,2.1436575748500437,0.0005626817903226696,0.01
3998.0,2.1435554089761304,0.0005636959170644088,0.01
4000.0,2.1434532431022175,0.0005647100438061479,0.01
4002.0,2.143351077228304,0.0005657241705478871,0.01
4004.0,2.1432488029859154,0.0005667418028302861,0.01
4006.0,2.1431464534366196,0.0005677618711663642,0.01
4008.0,2.143044103887324,0.0005687819395024421,0.01
4010.0,2.142941754338028,0.00056980200783852,0.01
4012.0,2.1428394047887322,0.000570822076174598,0.01
4014.0,2.1427367661704864,0.0005718490742403566,0.01
4016.0,2.142634120140216,0.0005728762499914917,0.01
4018.0,2.142531474109946,0.0005739034257426269,0.01
4020.0,2.1424288280796757,0.000574930601493762,0.01
4022.0,2.142326077624833,0.0005759602877333159,0.01
4024.0,2.142223133238641,0.0005769946363085047,0.01
4026.0,2.1421201888524486,0.0005780289848836936,0.01
4028.0,2.1420172444662566,0.0005790633334588824,0.01
4030.0,2.1419143000800647,0.0005800976820340712,0.01
4032.0,2.1418111410143705,0.0005811372064592023,0.01
4034.0,2.141707896377126,0.0005821787939853595,0.01
4036.0,2.1416046517398817,0.0005832203815115166,0.01
4038.0,2.1415014071026373,0.0005842619690376738,0.01
4040.0,2.141398141314662,0.0005853040679700375,0.01
4042.0,2.1412945945241137,0.000586352961299146,0.01
4044.0,2.141191047733566,0.0005874018546282545,0.01
4046.0,2.1410875009430184,0.000588450747957363,0.01
4048.0,2.1409839541524707,0.0005894996412864715,0.01
4050.0,2.140880327320407,0.0005905511252459764,0.01
4052.0,2.1407765876587366,0.0005916062610579678,0.01
4054.0,2.1406728479970663,0.0005926613968699593,0.01
4056.0,2.140569108335396,0.0005937165326819507,0.01
4058.0,2.1404653686737256,0.0005947716684939421,0.01
4060.0,2.1403613182153154,0.0005958331909139594,0.01
4062.0,2.140257161376813,0.0005968968993541734,0.01
4064.0,2.14015300453831,0.0005979606077943872,0.01
4066.0,2.1400488476998074,0.0005990243162346012,0.01
4068.0,2.1399446771031343,0.0006000884704895524,0.01
4070.0,2.139840323719339,0.0006011585477117273,0.01
4072.0,2.139735970335544,0.000602228624933902,0.01
4074.0,2.1396316169517484,0.0006032987021560769,0.01
4076.0,2.139527263567953,0.0006043687793782517,0.01
4078.0,2.1394227924734044,0.0006054417351091405,0.01
4080.0,2.1393181293244683,0.0006065193873542469,0.01
4082.0,2.1392134661755318,0.0006075970395993533,0.01
4084.0,2.1391088030265957,0.0006086746918444597,0.01
4086.0,2.1390041398776596,0.0006097523440895661,0.01
4088.0,2.1388992647609553,0.0006108351953400086,0.01
4090.0,2.1387942898947134,0.0006119204931811977,0.01
4092.0,2.138689315028471,0.0006130057910223866,0.01
4094.0,2.1385843401622293,0.0006140910888635757,0.01
4096.0,2.138479365295987,0.0006151763867047646,0.01
4098.0,2.138374086161843,0.0006162691699916846,0.01
4100.0,2.1382687976173513,0.0006173621847872353,0.01
4102.0,2.13816350907286,0.0006184551995827861,0.01
4104.0,2.1380582205283685,0.0006195482143783368,0.01
4106.0,2.1379528809510453,0.0006206428858472809,0.01
4108.0,2.137847388275227,0.0006217425273364045,0.01
4110.0,2.1377418955994085,0.0006228421688255282,0.01
4112.0,2.13763640292359,0.0006239418103146518,0.01
4114.0,2.1375309102477718,0.0006250414518037754,0.01
4116.0,2.137425196559093,0.0006261457408989423,0.01
4118.0,2.1373192747320884,0.0006272544068658197,0.01
4120.0,2.1372133529050843,0.0006283630728326972,0.01
4122.0,2.13710743107808,0.0006294717387995746,0.01
4124.0,2.137001509251076,0.0006305804047664521,0.01
4126.0,2.1368954262986226,0.0006316943110524591,0.01
4128.0,2.136789296567813,0.0006328097387214392,0.01
4130.0,2.136683166837003,0.0006339251663904194,0.01
4132.0,2.136577037106193,0.0006350405940593995,0.01
4134.0,2.1364709009447322,0.0006361561818183536,0.01
4136.0,2.1363644496813534,0.0006372796139860346,0.01
4138.0,2.136257998417975,0.0006384030461537157,0.01
4140.0,2.136151547154596,0.0006395264783213968,0.01
4142.0,2.1360450958912174,0.0006406499104890778,0.01
4144.0,2.135938562124398,0.0006417754030266033,0.01
4146.0,2.135831787318115,0.0006429069150760274,0.01
4148.0,2.1357250125118323,0.0006440384271254514,0.01
4150.0,2.13561823770555,0.0006451699391748755,0.01
4152.0,2.135511462899267,0.0006463014512242995,0.01
4154.0,2.135404585483424,0.0006474363071853319,0.01
4156.0,2.135297596907223,0.0006485747857172733,0.01
4158.0,2.135190608331023,0.0006497132642492147,0.01
4160.0,2.1350836197548224,0.0006508517427811562,0.01
4162.0,2.1349766311786222,0.0006519902213130977,0.01
4164.0,2.134869339417268,0.0006531352016057243,0.01
4166.0,2.134761911442294,0.0006542831029792385,0.01
4168.0,2.1346544834673202,0.0006554310043527527,0.01
4170.0,2.1345470554923462,0.0006565789057262668,0.01
4172.0,2.1344396275173723,0.000657726807099781,0.01
4174.0,2.13433200475237,0.0006588810712873794,0.01
4176.0,2.1342243591349064,0.0006600360819503732,0.01
4178.0,2.134116713517443,0.000661191092613367,0.01
4180.0,2.1340090678999792,0.0006623461032763607,0.01
4182.0,2.1339013940964833,0.0006635018265634368,0.01
4184.0,2.133793416878641,0.0006646652210391628,0.01
4186.0,2.1336854396607987,0.000665828615514889,0.01
4188.0,2.1335774624429567,0.000666992009990615,0.01
4190.0,2.133469485225114,0.0006681554044663412,0.01
4192.0,2.1333614195835304,0.0006693210417697452,0.01
4194.0,2.1332531086911906,0.0006704928997461427,0.01
4196.0,2.133144797798851,0.0006716647577225402,0.01
4198.0,2.1330364869065117,0.0006728366156989378,0.01
4200.0,2.1329281760141723,0.0006740084736753353,0.01
4202.0,2.1328197678428484,0.0006751835184306996,0.01
4204.0,2.1327112333206606,0.0006763627023357564,0.01
4206.0,2.1326026987984728,0.0006775418862408133,0.01
4208.0,2.132494164276285,0.0006787210701458701,0.01
4210.0,2.132385629754097,0.0006799002540509269,0.01
4212.0,2.1322768297456083,0.000681085245782592,0.01
4214.0,2.1321678452466393,0.0006822742734615611,0.01
4216.0,2.13205886074767,0.0006834633011405302,0.01
4218.0,2.131949876248701,0.0006846523288194993,0.01
4220.0,2.131840891749732,0.0006858413564984684,0.01
4222.0,2.1317317388285097,0.0006870359172176436,0.01
4224.0,2.1316225267319013,0.0006882324219779724,0.01
4226.0,2.131513314635293,0.0006894289267383013,0.01
4228.0,2.1314041025386845,0.0006906254314986301,0.01
4230.0,2.131294890442076,0.0006918219362589588,0.01
4232.0,2.1311853791351285,0.0006930261278519999,0.01
4234.0,2.131075825083846,0.000694231417564,0.01
4236.0,2.1309662710325643,0.000695436707276,0.01
4238.0,2.130856716981282,0.000696641996988,0.01
4240.0,2.13074716293,0.0006978472867,0.01
4242.0,2.130637377161084,0.0006990602041815951,0.01
4244.0,2.1305275913921675,0.00070027312166319,0.01
4246.0,2.1304178056232517,0.000701486039144785,0.01
4248.0,2.1303080198543354,0.0007026989566263801,0.01
4250.0,2.1301981960141427,0.0007039128583762833,0.01
4252.0,2.130088064142714,0.0007051347237515895,0.01
4254.0,2.1299779322712857,0.0007063565891268957,0.01
4256.0,2.129867800399857,0.000707578454502202,0.01
4258.0,2.1297576685284283,0.0007088003198775082,0.01
4260.0,2.1296474398724463,0.0007100243459040306,0.01
4262.0,2.1295368471221914,0.0007112565000946525,0.01
4264.0,2.129426254371937,0.0007124886542852745,0.01
4266.0,2.129315661621682,0.0007137208084758963,0.01
4268.0,2.129205068871427,0.0007149529626665182,0.01
4270.0,2.1290944379082335,0.0007161871321775668,0.01
4272.0,2.128983719869655,0.0007174258939761454,0.01
4274.0,2.128873001831076,0.0007186646557747242,0.01
4276.0,2.1287622837924975,0.0007199034175733028,0.01
4278.0,2.128651565753919,0.0007211421793718814,0.01
4280.0,2.128540670967566,0.0007223849191411096,0.01
4282.0,2.1284294878032655,0.0007236341492835031,0.01
4284.0,2.1283183046389653,0.0007248833794258966,0.01
4286.0,2.128207121474665,0.0007261326095682899,0.01
4288.0,2.128095938310365,0.0007273818397106834,0.01
4290.0,2.127984646237644,0.0007286346816083931,0.01
4292.0,2.1278732210546307,0.0007298919378737117,0.01
4294.0,2.1277617958716175,0.0007311491941390303,0.01
4296.0,2.1276503706886047,0.0007324064504043489,0.01
4298.0,2.1275389455055915,0.0007336637066696675,0.01
4300.0,2.127427340101463,0.0007349257008417599,0.01
4302.0,2.1273155580449545,0.0007361923391006902,0.01
4304.0,2.1272037759884457,0.0007374589773596205,0.01
4306.0,2.1270919939319373,0.0007387256156185508,0.01
4308.0,2.126980211875429,0.000739992253877481,0.01
4310.0,2.1268682323207955,0.0007412641024130732,0.01
4312.0,2.1267560911767873,0.0007425402139022979,0.01
4314.0,2.1266439500327796,0.0007438163253915225,0.01
4316.0,2.1265318088887715,0.0007450924368807472,0.01
4318.0,2.1264196677447633,0.0007463685483699719,0.01
4320.0,2.126307381304277,0.0007476495005560724,0.01
4322.0,2.126194991790221,0.0007489338867408113,0.01
4324.0,2.1260826022761647,0.0007502182729255502,0.01
4326.0,2.1259702127621085,0.0007515026591102892,0.01
4328.0,2.1258578232480523,0.0007527870452950281,0.01
4330.0,2.1257452138589477,0.0007540772708367295,0.01
4332.0,2.1256324609150603,0.0007553713088511582,0.01
4334.0,2.1255197079711725,0.000756665346865587,0.01
4336.0,2.1254069550272847,0.0007579593848800159,0.01
4338.0,2.125294202083397,0.0007592534228944446,0.01
4340.0,2.12518122424009,0.0007605534548506377,0.01
4342.0,2.1250681056060903,0.0007618572391118377,0.01
4344.0,2.12495498697209,0.0007631610233730377,0.01
4346.0,2.12484186833809,0.0007644648076342377,0.01
4348.0,2.12472874970409,0.0007657685918954377,0.01
4350.0,2.1246154047717365,0.0007670784288485866,0.01
4352.0,2.124501918172934,0.0007683920548853132,0.01
4354.0,2.1243884315741317,0.0007697056809220398,0.01
4356.0,2.1242749449753293,0.0007710193069587664,0.01
4358.0,2.124161458376527,0.0007723329329954931,0.01
4360.0,2.1240478163220997,0.0007736517750084101,0.01
4362.0,2.123934072771851,0.0007749740224933853,0.01
4364.0,2.1238203292216022,0.0007762962699783605,0.01
4366.0,2.123706585671353,0.0007776185174633357,0.01
4368.0,2.1235928421211043,0.0007789407649483108,0.01
4370.0,2.1234788825776465,0.0007802688291806162,0.01
4372.0,2.123364766625313,0.0007816011055402983,0.01
4374.0,2.123250650672979,0.0007829333818999805,0.01
4376.0,2.1231365347206457,0.0007842656582596626,0.01
4378.0,2.123022418768312,0.0007855979346193448,0.01
4380.0,2.1229081603723268,0.0007869350062450149,0.01
4382.0,2.1227937830554953,0.0007882760812578861,0.01
4384.0,2.1226794057386633,0.0007896171562707575,0.01
4386.0,2.122565028421832,0.0007909582312836287,0.01
4388.0,2.122450651105,0.0007922993062964999,0.01
4390.0,2.122336087226304,0.000793645440379576,0.01
4392.0,2.1222213330168183,0.0007949967357362953,0.01
4394.0,2.122106578807332,0.0007963480310930148,0.01
4396.0,2.121991824597846,0.0007976993264497341,0.01
4398.0,2.1218770703883596,0.0007990506218064535,0.01
4400.0,2.1217621512076628,0.0008004064070290946,0.01
4402.0,2.121647017754014,0.0008017680239166686,0.01
4404.0,2.121531884300365,0.0008031296408042424,0.01
4406.0,2.1214167508467163,0.0008044912576918163,0.01
4408.0,2.121301617393067,0.0008058528745793903,0.01
4410.0,2.1211863446584744,0.0008072182961972271,0.01
4412.0,2.121070829613199,0.0008085903370033294,0.01
4414.0,2.120955314567923,0.0008099623778094319,0.01
4416.0,2.120839799522648,0.0008113344186155342,0.01
4418.0,2.120724284477372,0.0008127064594216366,0.01
4420.0,2.1206086924175267,0.0008140811138900155,0.01
4422.0,2.120492907145692,0.0008154623254409479,0.01
4424.0,2.1203771218738567,0.0008168435369918803,0.01
4426.0,2.1202613366020215,0.0008182247485428126,0.01
4428.0,2.1201455513301863,0.0008196059600937449,0.01
4430.0,2.120029692679373,0.0008209891903258042,0.01
4432.0,2.1199135212023896,0.0008223810265142469,0.01
4434.0,2.1197973497254066,0.0008237728627026896,0.01
4436.0,2.119681178248423,0.0008251646988911323,0.01
4438.0,2.1195650067714396,0.000826556535079575,0.01
4440.0,2.1194488022638516,0.0008279492833757,0.01
4442.0,2.1193322421915153,0.0008293518502427577,0.01
4444.0,2.119215682119179,0.0008307544171098154,0.01
4446.0,2.1190991220468427,0.0008321569839768732,0.01
4448.0,2.1189825619745064,0.0008335595508439309,0.01
4450.0,2.11886600190217,0.0008349621177109886,0.01
4452.0,2.1187491731097854,0.0008363738611785246,0.01
4454.0,2.118632336006472,0.0008377858884584464,0.01
4456.0,2.118515498903158,0.0008391979157383683,0.01
4458.0,2.1183986617998443,0.0008406099430182902,0.01
4460.0,2.1182818246965303,0.0008420219702982121,0.01
4462.0,2.118164752928163,0.0008434420244385098,0.01
4464.0,2.118047636461691,0.0008448636075045936,0.01
4466.0,2.1179305199952188,0.0008462851905706773,0.01
4468.0,2.1178134035287464,0.000847706773636761,0.01
4470.0,2.117696287062274,0.0008491283567028447,0.01
4472.0,2.117578816378233,0.0008505585795690769,0.01
4474.0,2.1174611902461944,0.0008519925940022807,0.01
4476.0,2.1173435641141554,0.0008534266084354846,0.01
4478.0,2.1172259379821163,0.0008548606228686885,0.01
4480.0,2.1171083118500773,0.0008562946373018923,0.01
4482.0,2.116990530968848,0.0008577339713065721,0.01
4484.0,2.1168726208933397,0.0008591777464213833,0.01
4486.0,2.1167547108178315,0.0008606215215361944,0.01
4488.0,2.1166368007423233,0.0008620652966510055,0.01
4490.0,2.116518890666815,0.0008635090717658166,0.01
4492.0,2.1164008283960385,0.0008649571272166247,0.01
4494.0,2.116282517806667,0.000866412166373533,0.01
4496.0,2.116164207217295,0.0008678672055304412,0.01
4498.0,2.1160458966279228,0.0008693222446873495,0.01
4500.0,2.1159275860385507,0.0008707772838442578,0.01
4502.0,2.115809216277601,0.0008722343658546704,0.01
4504.0,2.115690617046387,0.0008736993701506242,0.01
4506.0,2.1155720178151736,0.0008751643744465779,0.01
4508.0,2.1154534185839595,0.0008766293787425317,0.01
4510.0,2.1153348193527455,0.0008780943830384854,0.01
4512.0,2.1152162140413173,0.0008795595596058307,0.01
4514.0,2.115097209462471,0.0008810360486612153,0.01
4516.0,2.114978204883625,0.0008825125377166,0.01
4518.0,2.114859200304779,0.0008839890267719846,0.01
4520.0,2.1147401957259326,0.0008854655158273693,0.01
4522.0,2.1146211911470867,0.000886942004882754,0.01
4524.0,2.1145019474581304,0.0008884267862132541,0.01
4526.0,2.1143826494926463,0.0008899134498393327,0.01
4528.0,2.1142633515271623,0.0008914001134654113,0.01
4530.0,2.114144053561678,0.0008928867770914899,0.01
4532.0,2.1140247555961937,0.0008943734407175684,0.01
4534.0,2.1139052114802395,0.0008958671308310812,0.01
4536.0,2.1137855032639714,0.0008973655052695502,0.01
4538.0,2.1136657950477034,0.0008988638797080191,0.01
4540.0,2.1135460868314353,0.000900362254146488,0.01
4542.0,2.1134263786151677,0.000901860628584957,0.01
4544.0,2.1133065155996276,0.0009033634393331404,0.01
4546.0,2.1131863945853007,0.0009048736439308481,0.01
4548.0,2.113066273570974,0.0009063838485285558,0.01
4550.0,2.1129461525566477,0.0009078940531262635,0.01
4552.0,2.112826031542321,0.0009094042577239711,0.01
4554.0,2.112705868444667,0.0009109159325059998,0.01
4556.0,2.112585446835143,0.0009124366384202857,0.01
4558.0,2.112465025225619,0.0009139573443345716,0.01
4560.0,2.112344603616095,0.0009154780502488573,0.01
4562.0,2.1122241820065715,0.0009169987561631432,0.01
4564.0,2.112103760397048,0.0009185194620774291,0.01
4566.0,2.1119829669479087,0.0009200509054691087,0.01
4568.0,2.1118621275410647,0.0009215836759647359,0.01
4570.0,2.1117412881342204,0.0009231164464603631,0.01
4572.0,2.1116204487273764,0.0009246492169559902,0.01
4574.0,2.1114996093205325,0.0009261819874516174,0.01
4576.0,2.111378505055958,0.0009277224365945403,0.01
4578.0,2.111257245240019,0.0009292673954192084,0.01
4580.0,2.1111359854240797,0.0009308123542438765,0.01
4582.0,2.1110147256081406,0.0009323573130685446,0.01
4584.0,2.110893465792201,0.0009339022718932126,0.01
4586.0,2.1107720951253643,0.0009354511332327693,0.01
4588.0,2.110650527390265,0.0009370069323765724,0.01
4590.0,2.1105289596551655,0.0009385627315203755,0.01
4592.0,2.110407391920066,0.0009401185306641787,0.01
4594.0,2.1102858241849667,0.0009416743298079818,0.01
4596.0,2.110164233168821,0.0009432309503540043,0.01
4598.0,2.1100423550197642,0.0009447977015274007,0.01
4600.0,2.1099204768707076,0.000946364452700797,0.01
4602.0,2.109798598721651,0.0009479312038741933,0.01
4604.0,2.1096767205725944,0.0009494979550475896,0.01
4606.0,2.1095548424235377,0.0009510647062209859,0.01
4608.0,2.109432632590753,0.0009526411842565397,0.01
4610.0,2.109310326462693,0.0009542204862198166,0.01
4612.0,2.1091880203346327,0.0009557997881830935,0.01
4614.0,2.1090657142065723,0.0009573790901463703,0.01
4616.0,2.1089434080785123,0.0009589583921096471,0.01
4618.0,2.1088209016937687,0.000960543590573458,0.01
4620.0,2.108698164906175,0.0009621355731830444,0.01
4622.0,2.1085754281185807,0.0009637275557926307,0.01
4624.0,2.108452691330987,0.0009653195384022172,0.01
4626.0,2.1083299545433927,0.0009669115210118036,0.01
4628.0,2.108207171656176,0.0009685051432969053,0.01
4630.0,2.10808411694015,0.0009701084340134938,0.01
4632.0,2.1079610622241236,0.0009717117247300824,0.01
4634.0,2.1078380075080974,0.000973315015446671,0.01
4636.0,2.107714952792071,0.0009749183061632594,0.01
4638.0,2.107591898076045,0.000976521596879848,0.01
4640.0,2.1074684902905143,0.0009781353657336799,0.01
4642.0,2.1073449996862115,0.0009797515924221739,0.01
4644.0,2.107221509081908,0.0009813678191106679,0.01
4646.0,2.1070980184776054,0.0009829840457991619,0.01
4648.0,2.106974527873302,0.000984600272487656,0.01
4650.0,2.106850887068713,0.000986221870309226,0.01
4652.0,2.106727073453041,0.0009878496478215393,0.01
4654.0,2.1066032598373696,0.0009894774253338527,0.01
4656.0,2.106479446221698,0.000991105202846166,0.01
4658.0,2.106355632606026,0.0009927329803584796,0.01
4660.0,2.106231772665531,0.0009943621436243632,0.01
4662.0,2.1061075178610613,0.0009960031187897262,0.01
4664.0,2.1059832630565922,0.0009976440939550892,0.01
4666.0,2.105859008252123,0.0009992850691204521,0.01
4668.0,2.1057347534476536,0.001000926044285815,0.01
4670.0,2.1056104986431845,0.001002567019451178,0.01
4672.0,2.1054860026279667,0.0010042166673783002,0.01
4674.0,2.1053614196456083,0.001005869442219526,0.01
4676.0,2.10523683666325,0.0010075222170607518,0.01
4678.0,2.1051122536808915,0.0010091749919019775,0.01
4680.0,2.104987670698533,0.0010108277667432032,0.01
4682.0,2.104862931423485,0.001012485254640417,0.01
4684.0,2.104737901890584,0.0010141514953558944,0.01
4686.0,2.104612872357683,0.0010158177360713716,0.01
4688.0,2.104487842824782,0.001017483976786849,0.01
4690.0,2.1043628132918815,0.0010191502175023262,0.01
4692.0,2.1042377837589803,0.0010208164582178035,0.01
4694.0,2.104112435828549,0.0010224942113010442,0.01
4696.0,2.1039870728950922,0.001024172506851876,0.01
4698.0,2.103861709961636,0.001025850802402708,0.01
4700.0,2.1037363470281796,0.00102752909795354,0.01
4702.0,2.103610984094723,0.0010292073935043717,0.01
4704.0,2.103485374824216,0.0010308931778171958,0.01
4706.0,2.103359559896172,0.0010325852142157197,0.01
4708.0,2.1032337449681275,0.0010342772506142437,0.01
4710.0,2.1031079300400832,0.0010359692870127676,0.01
4712.0,2.102982115112039,0.0010376613234112915,0.01
4714.0,2.102856243327855,0.0010393550955449906,0.01
4716.0,2.102729973550691,0.001041061017824917,0.01
4718.0,2.102603703773527,0.0010427669401048432,0.01
4720.0,2.1024774339963628,0.0010444728623847693,0.01
4722.0,2.102351164219199,0.0010461787846646957,0.01
4724.0,2.102224894442035,0.001047884706944622,0.01
4726.0,2.1020984681579544,0.0010495981886648712,0.01
4728.0,2.101971973190982,0.0010513149878373484,0.01
4730.0,2.1018454782240092,0.0010530317870098256,0.01
4732.0,2.1017189832570367,0.001054748586182303,0.01
4734.0,2.101592488290064,0.0010564653853547803,0.01
4736.0,2.101465852064977,0.001058186042772622,0.01
4738.0,2.101338780534271,0.0010599185898853625,0.01
4740.0,2.1012117090035654,0.001061651136998103,0.01
4742.0,2.1010846374728596,0.0010633836841108435,0.01
4744.0,2.1009575659421538,0.001065116231223584,0.01
4746.0,2.100830494411448,0.0010668487783363244,0.01
4748.0,2.1007031489576966,0.0010685913784118464,0.01
4750.0,2.100575730688958,0.0010703366507939303,0.01
4752.0,2.1004483124202196,0.0010720819231760143,0.01
4754.0,2.100320894151481,0.0010738271955580984,0.01
4756.0,2.1001934758827425,0.0010755724679401824,0.01
4758.0,2.100065945783428,0.0010773218555721051,0.01
4760.0,2.099938178044139,0.0010790799881099358,0.01
4762.0,2.09981041030485,0.0010808381206477663,0.01
4764.0,2.099682642565561,0.0010825962531855967,0.01
4766.0,2.099554874826272,0.0010843543857234274,0.01
4768.0,2.0994271070869828,0.0010861125182612579,0.01
4770.0,2.0992989479199635,0.0010878828487411556,0.01
4772.0,2.09917071140495,0.0010896555895928387,0.01
4774.0,2.0990424748899366,0.001091428330444522,0.01
4776.0,2.0989142383749226,0.0010932010712962053,0.01
4778.0,2.098786001859909,0.0010949738121478886,0.01
4780.0,2.0986576446589478,0.0010967510214731574,0.01
4782.0,2.0985290531852634,0.0010985369048942103,0.01
4784.0,2.098400461711579,0.001100322788315263,0.01
4786.0,2.098271870237895,0.001102108671736316,0.01
4788.0,2.0981432787642107,0.0011038945551573689,0.01
4790.0,2.0980146872905263,0.0011056804385784216,0.01
4792.0,2.0978857019494748,0.0011074786992851273,0.01
4794.0,2.0977566359367934,0.001109279495098533,0.01
4796.0,2.0976275699241125,0.0011110802909119386,0.01
4798.0,2.097498503911431,0.0011128810867253444,0.01
4800.0,2.09736943789875,0.00111468188253875,0.01
4802.0,2.0972402601230984,0.001116486842378166,0.01
4804.0,2.0971108335847064,0.001118301070533541,0.01
4806.0,2.0969814070463144,0.001120115298688916,0.01
4808.0,2.0968519805079224,0.0011219295268442909,0.01
4810.0,2.0967225539695304,0.0011237437549996658,0.01
4812.0,2.096593127431138,0.0011255579831550408,0.01
4814.0,2.0964633286055814,0.0011273840101505954,0.01
4816.0,2.0963334216966545,0.0011292134626158794,0.01
4818.0,2.0962035147877276,0.0011310429150811633,0.01
4820.0,2.0960736078788007,0.0011328723675464473,0.01
4822.0,2.095943700969874,0.0011347018200117314,0.01
4824.0,2.0958137098405576,0.0011365344303084712,0.01
4826.0,2.0956834367560253,0.0011383776124757373,0.01
4828.0,2.095553163671493,0.0011402207946430033,0.01
4830.0,2.0954228905869603,0.0011420639768102694,0.01
4832.0,2.095292617502428,0.0011439071589775356,0.01
4834.0,2.0951623444178957,0.0011457503411448015,0.01
4836.0,2.095031824090296,0.0011476028211006631,0.01
4838.0,2.09490118198626,0.0011494598805643402,0.01
4840.0,2.0947705398822243,0.0011513169400280173,0.01
4842.0,2.0946398977781886,0.0011531739994916944,0.01
4844.0,2.0945092556741525,0.0011550310589553718,0.01
4846.0,2.09437856709889,0.001156889610100295,0.01
4848.0,2.094247435824047,0.001158762371471826,0.01
