# SiO2, literature reference, NOT from this campaign. Optical constants of the universal dispersion model of D. Franta, D. Necas, I. Ohlidal and A. Giglia, Proc. SPIE 9890, 989014 (2016). Tabulated from the refractiveindex.info entry 'main/SiO2/Franta', 250-4848 nm. n(1500 nm) = 1.4449, that is 0.0256 below the value this campaign's single layers give, which is exactly the handicap the in situ test of Section 6 starts from. Used only as a starting point, never as a result. sigma_n is a flat placeholder of 0.01 and carries no published meaning.
Wavelength_nm,n,k,sigma_n
250.0,1.507157069697934,6.712438801109673e-11,0.01
252.0,1.50609603044,5.51908486814e-11,0.01
254.0,1.5050660944695042,4.551617795075335e-11,0.01
256.0,1.5040659405780645,3.7595809922148536e-11,0.01
258.0,1.5030945084939495,3.111647019539371e-11,0.01
260.0,1.5021506354594816,2.5794175553109398e-11,0.01
262.0,1.5012327501652825,2.1398061635113562e-11,0.01
264.0,1.5003407240105922,1.7771527120345357e-11,0.01
266.0,1.4994730055762806,1.47635363294532e-11,0.01
268.0,1.4986285626699352,1.2258010252866593e-11,0.01
270.0,1.497806202465942,1.0164890888827047e-11,0.01
272.0,1.4970062986061723,8.418246529178761e-12,0.01
274.0,1.4962272600516324,6.951588055982083e-12,0.01
276.0,1.495468247353622,5.715880292296592e-12,0.01
278.0,1.4947284070744686,4.671707328300678e-12,0.01
280.0,1.4940077075409937,3.787654218881617e-12,0.01
282.0,1.4933048776378584,3.0363258506081864e-12,0.01
284.0,1.4926194158827106,2.3960015609519743e-12,0.01
286.0,1.4919509527473251,1.84877408193629e-12,0.01
288.0,1.4912989153445853,1.3796029605528798e-12,0.01
290.0,1.4906623919889506,9.757942640014486e-13,0.01
292.0,1.490041151930492,6.272181708748891e-13,0.01
294.0,1.489434937160709,3.253647437707224e-13,0.01
296.0,1.4888426652607343,6.274165726267048e-14,0.01
298.0,1.4882640977767347,0.0,0.01
300.0,1.4876990534759045,0.0,0.01
302.0,1.4871466176500288,0.0,0.01
304.0,1.4866069922133,0.0,0.01
306.0,1.4860791949988637,0.0,0.01
308.0,1.485563077952,0.0,0.01
310.0,1.4850583129979382,0.0,0.01
312.0,1.484564788620975,0.0,0.01
314.0,1.484081906158271,0.0,0.01
316.0,1.4836093124841758,0.0,0.01
318.0,1.483146669303847,0.0,0.01
320.0,1.4826939898,0.0,0.01
322.0,1.482250769912345,0.0,0.01
324.0,1.4818165873998659,0.0,0.01
326.0,1.481391426094,0.0,0.01
328.0,1.480974974084894,0.0,0.01
330.0,1.4805667408122996,0.0,0.01
332.0,1.4801669474974346,0.0,0.01
334.0,1.4797751634395058,0.0,0.01
336.0,1.4793908706206855,0.0,0.01
338.0,1.4790143152167865,0.0,0.01
340.0,1.478644937968903,0.0,0.01
342.0,1.478282823089174,0.0,0.01
344.0,1.4779275567068095,0.0,0.01
346.0,1.477579225894975,0.0,0.01
348.0,1.4772372521808728,0.0,0.01
350.0,1.4769019249345907,0.0,0.01
352.0,1.476572538183206,0.0,0.01
354.0,1.4762494856824202,0.0,0.01
356.0,1.475932183961,0.0,0.01
358.0,1.475620798469369,0.0,0.01
360.0,1.4753149548372826,0.0,0.01
362.0,1.4750146612909472,0.0,0.01
364.0,1.4747196200672041,0.0,0.01
366.0,1.47442983877605,0.0,0.01
368.0,1.474145190146588,0.0,0.01
370.0,1.4738653987239085,0.0,0.01
372.0,1.47359044067014,0.0,0.01
374.0,1.47332036996,0.0,0.01
376.0,1.473054824052887,0.0,0.01
378.0,1.472793709581676,0.0,0.01
380.0,1.4725371095839728,0.0,0.01
382.0,1.4722847534464392,0.0,0.01
384.0,1.4720365542016403,0.0,0.01
386.0,1.471792444142528,0.0,0.01
388.0,1.471552427948009,0.0,0.01
390.0,1.4713162800298105,0.0,0.01
392.0,1.4710839125545787,0.0,0.01
394.0,1.4708553126220925,0.0,0.01
396.0,1.4706303628016337,0.0,0.01
398.0,1.4704089522489314,0.0,0.01
400.0,1.4701910252186101,0.0,0.01
402.0,1.469976535710454,0.0,0.01
404.0,1.4697653017649301,0.0,0.01
406.0,1.4695574558728846,0.0,0.01
408.0,1.4693528291654894,0.0,0.01
410.0,1.4691512365573516,0.0,0.01
412.0,1.46895266251059,0.0,0.01
414.0,1.4687571497387513,0.0,0.01
416.0,1.468564541975407,0.0,0.01
418.0,1.4683747482151872,0.0,0.01
420.0,1.4681878436427922,0.0,0.01
422.0,1.468003614537786,0.0,0.01
424.0,1.4678220751827693,0.0,0.01
426.0,1.467643175186782,0.0,0.01
428.0,1.4674669551290163,0.0,0.01
430.0,1.4672931674413119,0.0,0.01
432.0,1.467121922012412,0.0,0.01
434.0,1.4669530077877,0.0,0.01
436.0,1.4667865347598807,0.0,0.01
438.0,1.4666223669717326,0.0,0.01
440.0,1.466460454639271,0.0,0.01
442.0,1.4663008264594406,0.0,0.01
444.0,1.4661433708930753,0.0,0.01
446.0,1.4659881233984113,0.0,0.01
448.0,1.4658349454681958,0.0,0.01
450.0,1.4656838074595555,0.0,0.01
452.0,1.4655347179953846,0.0,0.01
454.0,1.4653876417685647,0.0,0.01
456.0,1.465242463206838,0.0,0.01
458.0,1.4650992141219052,0.0,0.01
460.0,1.4649578532542828,0.0,0.01
462.0,1.4648183237459211,0.0,0.01
464.0,1.4646805603274462,0.0,0.01
466.0,1.4645445764833862,0.0,0.01
468.0,1.4644103866620983,0.0,0.01
470.0,1.4642778984705547,0.0,0.01
472.0,1.4641470764708004,0.0,0.01
474.0,1.4640178861334616,0.0,0.01
476.0,1.4638902938059526,0.0,0.01
478.0,1.463764266715962,0.0,0.01
480.0,1.463639851165453,0.0,0.01
482.0,1.4635169927155316,0.0,0.01
484.0,1.4633955884313106,0.0,0.01
486.0,1.4632756653367023,0.0,0.01
488.0,1.4631571549432563,0.0,0.01
490.0,1.4630401006507447,0.0,0.01
492.0,1.462924468328173,0.0,0.01
494.0,1.4628101651209666,0.0,0.01
496.0,1.4626972208494489,0.0,0.01
498.0,1.46258561952726,0.0,0.01
500.0,1.4624753017349783,0.0,0.01
502.0,1.4623662649793772,0.0,0.01
504.0,1.4622584316477625,0.0,0.01
506.0,1.4621519597406525,0.0,0.01
508.0,1.4620466528126324,0.0,0.01
510.0,1.4619424771206382,0.0,0.01
512.0,1.4618395095000085,0.0,0.01
514.0,1.4617377423867794,0.0,0.01
516.0,1.4616370531057106,0.0,0.01
518.0,1.4615375044177517,0.0,0.01
520.0,1.4614390679726983,0.0,0.01
522.0,1.4613416838551996,0.0,0.01
524.0,1.461245352042529,0.0,0.01
526.0,1.4611501125174402,0.0,0.01
528.0,1.461055865296612,0.0,0.01
530.0,1.460962586382379,0.0,0.01
532.0,1.4608703648120815,0.0,0.01
534.0,1.460779091650991,0.0,0.01
536.0,1.460688800055077,0.0,0.01
538.0,1.4605994510358065,0.0,0.01
540.0,1.4605110084653141,0.0,0.01
542.0,1.460423509609359,0.0,0.01
544.0,1.4603369046670869,0.0,0.01
546.0,1.4602511884808116,0.0,0.01
548.0,1.4601663430313945,0.0,0.01
550.0,1.460082311596158,0.0,0.01
552.0,1.4599992052742958,0.0,0.01
554.0,1.4599168769855522,0.0,0.01
556.0,1.4598353927365286,0.0,0.01
558.0,1.4597547073675738,0.0,0.01
560.0,1.4596748063847826,0.0,0.01
562.0,1.459595710810966,0.0,0.01
564.0,1.4595173546005085,0.0,0.01
566.0,1.4594397847928222,0.0,0.01
568.0,1.4593629111970752,0.0,0.01
570.0,1.4592868497985672,0.0,0.01
572.0,1.4592114410460715,0.0,0.01
574.0,1.4591368186150038,0.0,0.01
576.0,1.4590628233190965,0.0,0.01
578.0,1.4589896018602706,0.0,0.01
580.0,1.458916952976739,0.0,0.01
582.0,1.4588450713998657,0.0,0.01
584.0,1.4587738123713745,0.0,0.01
586.0,1.4587032307135657,0.0,0.01
588.0,1.4586332499435033,0.0,0.01
590.0,1.4585639398836718,0.0,0.01
592.0,1.4584952210256827,0.0,0.01
594.0,1.458427132621724,0.0,0.01
596.0,1.458359642273129,0.0,0.01
598.0,1.45829275195418,0.0,0.01
600.0,1.4582264613143303,5.7e-322,0.01
602.0,1.4581607361356166,6.29815e-319,0.01
604.0,1.4580955824209711,1.16437177e-316,0.01
606.0,1.4580309488075804,5.4846984436e-314,0.01
608.0,1.4579669448653572,1.782183542517e-311,0.01
610.0,1.457903424905531,1.792708021029444e-309,0.01
612.0,1.4578405051129453,2.013611293598308e-306,0.01
614.0,1.4577780663385138,2.2273810385628463e-304,0.01
616.0,1.4577161888321142,1.4436920546049637e-301,0.01
618.0,1.4576548138836825,2.142035092222304e-299,0.01
620.0,1.4575939152784572,1.70823361412064e-297,0.01
622.0,1.4575335702401326,1.5058647230799932e-294,0.01
624.0,1.457473672440634,1.3320653679889865e-292,0.01
626.0,1.4574142965970736,6.272580771824936e-290,0.01
628.0,1.457355392104751,7.888280883172536e-288,0.01
630.0,1.4572969327192133,5.4503215856734095e-286,0.01
632.0,1.457238992684323,3.183465360809941e-283,0.01
634.0,1.457181486423315,2.6217581841340462e-281,0.01
636.0,1.4571244077571488,4.540959995732208e-279,0.01
638.0,1.457067826536324,8.989788417224925e-277,0.01
640.0,1.457011659760224,5.924611109399287e-275,0.01
642.0,1.4569559309872973,1.522375237552951e-272,0.01
644.0,1.456900666644174,1.6501798979838273e-270,0.01
646.0,1.456845778936016,9.378201264301525e-269,0.01
648.0,1.4567913337985265,2.4455622410490074e-266,0.01
650.0,1.4567373097954308,2.0763358615343334e-264,0.01
652.0,1.4566836694939866,1.0578453872115641e-262,0.01
654.0,1.4566304290901129,2.402462192950601e-260,0.01
656.0,1.4565776164618067,1.8262026793643846e-258,0.01
658.0,1.4565251723652313,8.58306002741602e-257,0.01
660.0,1.4564731047574162,1.4740479870221046e-254,0.01
662.0,1.4564214528600197,1.1267145359842068e-252,0.01
664.0,1.4563701362813164,5.027884215134189e-251,0.01
666.0,1.456319205007492,5.04665837995969e-249,0.01
668.0,1.4562686655535282,4.8146932877606804e-247,0.01
670.0,1.4562184690048248,2.116371358086452e-245,0.01
672.0,1.4561685883542135,7.525007104789571e-244,0.01
674.0,1.4561191267722615,1.3542004139046936e-241,0.01
676.0,1.456069981045562,6.318100016631477e-240,0.01
678.0,1.4560211746376923,2.2004262061836068e-238,0.01
680.0,1.455972691091251,2.055589572936818e-236,0.01
682.0,1.4559245721411267,1.2797780850324188e-234,0.01
684.0,1.4558767810869206,4.598273965709319e-233,0.01
686.0,1.4558292919410265,1.3774375717527396e-231,0.01
688.0,1.4557821302713114,1.5120434623268542e-229,0.01
690.0,1.4557353122185275,6.539806209974657e-228,0.01
692.0,1.4556887699126382,2.0162082592252003e-226,0.01
694.0,1.455642544595811,5.38648667886819e-225,0.01
696.0,1.4555966389252089,5.351759941753663e-223,0.01
698.0,1.4555510260202984,1.9802007549046908e-221,0.01
700.0,1.4555057103927809,5.495710175777098e-220,0.01
702.0,1.4554606530078067,1.3415940293697254e-218,0.01
704.0,1.4554159330950924,1.0216140411457904e-216,0.01
706.0,1.4553714865672078,3.6223979989537445e-215,0.01
708.0,1.4553273200921473,9.420250745542214e-214,0.01
710.0,1.4552834114003552,2.1423708342532256e-212,0.01
712.0,1.455239804924345,9.403161068885344e-211,0.01
714.0,1.455196465761983,3.894330222895704e-209,0.01
716.0,1.4551533836004245,1.0036692196923315e-207,0.01
718.0,1.455110563431229,2.1846091964873135e-206,0.01
720.0,1.455068012044502,4.331971156520637e-205,0.01
722.0,1.4550257230295434,2.1138742070063688e-203,0.01
724.0,1.4549836896665147,6.277617296496342e-202,0.01
726.0,1.4549418984651497,1.3817596615894222e-200,0.01
728.0,1.4549003517420895,2.6662375051890807e-199,0.01
730.0,1.4548590384148898,4.756973682806673e-198,0.01
732.0,1.4548180048111974,1.7768322504332203e-196,0.01
734.0,1.4547771940688166,4.8823160257879815e-195,0.01
736.0,1.45473660831,9.89689275213966e-194,0.01
738.0,1.4546962671891701,1.755993929314546e-192,0.01
740.0,1.4546561535438638,2.88030965682322e-191,0.01
742.0,1.4546162453232845,4.675553780573576e-190,0.01
744.0,1.4545766026260678,1.737709541958648e-188,0.01
746.0,1.4545371587334226,3.5896550551206556e-187,0.01
748.0,1.4544979405269007,6.14878036077598e-186,0.01
750.0,1.454458935381912,9.548857679827223e-185,0.01
752.0,1.454420131092341,1.3917433906253124e-183,0.01
754.0,1.4543815535317002,1.93453254102463e-182,0.01
756.0,1.4543431821639838,5.336119917225777e-181,0.01
758.0,1.4543050168807445,1.0289229087430135e-179,0.01
760.0,1.454267059059446,1.6226031012579824e-178,0.01
762.0,1.4542293016004275,2.3097224873958257e-177,0.01
764.0,1.454191727790017,3.081022523815759e-176,0.01
766.0,1.4541543617946624,3.916927176236699e-175,0.01
768.0,1.454117173423692,4.799029490695374e-174,0.01
770.0,1.4540802030402367,9.77727512021858e-173,0.01
772.0,1.4540434194941283,1.6638383509448238e-171,0.01
774.0,1.454006807779226,2.348700672197645e-170,0.01
776.0,1.453970390293531,3.0030271454835254e-169,0.01
778.0,1.453934150466767,3.604929440664822e-168,0.01
780.0,1.4538980861197046,4.132908234890178e-167,0.01
782.0,1.4538622095448666,4.567147866301104e-166,0.01
784.0,1.4538264930673543,4.898940120951499e-165,0.01
786.0,1.4537909634643267,5.963722979047505e-164,0.01
788.0,1.4537556131104734,9.57103662176523e-163,0.01
790.0,1.4537204268716153,1.2345535551000838e-161,0.01
792.0,1.4536854027187225,1.4302856465323648e-160,0.01
794.0,1.4536505459620175,1.5487897794419156e-159,0.01
796.0,1.453615858872564,1.5979080169497108e-158,0.01
798.0,1.4535813277327545,1.5886820235732492e-157,0.01
800.0,1.453546950602178,1.532049346197306e-156,0.01
802.0,1.4535127387995503,1.4385589297856342e-155,0.01
804.0,1.4534786677740454,1.3202967765535885e-154,0.01
806.0,1.453444757086764,1.1861474405077278e-153,0.01
808.0,1.453411013451278,1.1176117105301364e-152,0.01
810.0,1.453377406564708,1.3453554867781889e-151,0.01
812.0,1.4533439583548424,1.4096252892860555e-150,0.01
814.0,1.4533106541533583,1.365226593697141e-149,0.01
816.0,1.4532775023761701,1.2523504351843388e-148,0.01
818.0,1.453244487237362,1.1039478978373779e-147,0.01
820.0,1.4532116070276007,9.423892456571689e-147,0.01
822.0,1.4531788677720654,7.826466541665261e-146,0.01
824.0,1.4531462695430046,6.345211362999331e-145,0.01
826.0,1.453113810466509,5.0346894214432143e-144,0.01
828.0,1.4530814870486621,3.917323379745336e-143,0.01
830.0,1.4530492900010734,2.9939005979810558e-142,0.01
832.0,1.453017229306005,2.2489996143057718e-141,0.01
834.0,1.45298529682247,1.6624129341034524e-140,0.01
836.0,1.4529534986509356,1.2097082100596457e-139,0.01
838.0,1.4529218240027284,8.673814415716647e-139,0.01
840.0,1.4528902676471376,6.131776473985028e-138,0.01
842.0,1.4528588424079918,4.2735931066572205e-137,0.01
844.0,1.4528275489841813,2.9374287850858814e-136,0.01
846.0,1.452796355348257,1.9935759782879694e-135,0.01
848.0,1.4527653040092774,1.3346025690077485e-134,0.01
850.0,1.452734366104288,9.572222240609905e-134,0.01
852.0,1.4527035380908249,6.758104220621889e-133,0.01
854.0,1.4526728325233538,4.625708285720532e-132,0.01
856.0,1.4526422340550684,3.0882482514554133e-131,0.01
858.0,1.4526117557901619,2.012953081663985e-130,0.01
860.0,1.4525813946461454,1.2839807932836881e-129,0.01
862.0,1.4525511351828249,8.039159626732835e-129,0.01
864.0,1.4525209795116014,4.943674009566257e-128,0.01
866.0,1.452490947807218,2.9814623898306873e-127,0.01
868.0,1.4524610040511545,1.7708288550095826e-126,0.01
870.0,1.4524311828630374,1.0323633817826136e-125,0.01
872.0,1.4524014583144178,5.92369736003747e-125,0.01
874.0,1.4523718404060875,3.3417895158386135e-124,0.01
876.0,1.4523423163913374,1.855556285211827e-123,0.01
878.0,1.452312896521315,1.0126404896910057e-122,0.01
880.0,1.4522835677091124,5.43628842169294e-122,0.01
882.0,1.452254341708967,2.8650666224379075e-121,0.01
884.0,1.45222521715368,1.4809672259560756e-120,0.01
886.0,1.4521961921764104,7.498631314784175e-120,0.01
888.0,1.4521672522607425,3.718948727617812e-119,0.01
890.0,1.4521384108342648,1.8624110519283477e-118,0.01
892.0,1.4521096670796492,9.644192784248061e-118,0.01
894.0,1.452081004943969,4.938867664655186e-117,0.01
896.0,1.4520524491311348,2.4992101498693808e-116,0.01
898.0,1.4520239617059563,1.2508917767782575e-115,0.01
900.0,1.4519955750314484,6.1857507125413e-115,0.01
902.0,1.4519672801722254,3.0223810529949214e-114,0.01
904.0,1.451939063284173,1.4594382157912846e-113,0.01
906.0,1.4519109313554819,6.961313193164297e-113,0.01
908.0,1.4518828859185646,3.2786909680742615e-112,0.01
910.0,1.4518549168287918,1.5247724719666537e-111,0.01
912.0,1.451827035846238,6.99534093571783e-111,0.01
914.0,1.451799235241882,3.1650584690639244e-110,0.01
916.0,1.4517715109056757,1.4115210042248765e-109,0.01
918.0,1.4517438734495745,6.196093796486853e-109,0.01
920.0,1.4517163118560954,2.6752958712104887e-108,0.01
922.0,1.451688818062406,1.134967354078524e-107,0.01
924.0,1.4516614101397887,4.716592342176985e-107,0.01
926.0,1.4516340785888284,1.9154453696694306e-106,0.01
928.0,1.4516068203065668,7.571882098846648e-106,0.01
930.0,1.4515796267308676,2.897856922522535e-105,0.01
932.0,1.451552517738799,1.0611061653611874e-104,0.01
934.0,1.4515254729622624,4.2818760201376865e-104,0.01
936.0,1.4514985008067487,1.776725551493022e-103,0.01
938.0,1.4514716097321492,7.271538644165111e-103,0.01
940.0,1.4514447797733563,2.934800305440183e-102,0.01
942.0,1.4514180154592666,1.1668274445400612e-101,0.01
944.0,1.4513913184797562,4.5640280429452815e-101,0.01
946.0,1.4513646944018037,1.7530162299794643e-100,0.01
948.0,1.4513381359435273,6.598843429908987e-100,0.01
950.0,1.4513116352026325,2.4278710343590952e-99,0.01
952.0,1.451285201150629,8.688093047317305e-99,0.01
954.0,1.4512588366412646,3.00223902547976e-98,0.01
956.0,1.451232524565644,9.917015452759621e-98,0.01
958.0,1.4512062869975864,3.3289781955110416e-97,0.01
960.0,1.4511801022394384,1.2432089948312737e-96,0.01
962.0,1.4511539862138754,4.5714349326077955e-96,0.01
964.0,1.4511279300164623,1.6532008303345335e-95,0.01
966.0,1.451101931101767,5.8692587610031705e-95,0.01
968.0,1.4510759886235667,2.0404452215387384e-94,0.01
970.0,1.4510501017676722,6.921249371246366e-94,0.01
972.0,1.451024269713421,2.2783975849905366e-93,0.01
974.0,1.450998493672472,7.216234288686317e-93,0.01
976.0,1.4509727795854068,2.1656524726462675e-92,0.01
978.0,1.4509471111105292,6.878080597759603e-92,0.01
980.0,1.4509215081053748,2.36089511689651e-91,0.01
982.0,1.4508959566146196,7.962686218153742e-91,0.01
984.0,1.450870462641624,2.632132215556993e-90,0.01
986.0,1.450845015417075,8.50247354110801e-90,0.01
988.0,1.450819616012759,2.671026116240209e-89,0.01
990.0,1.4507942709088382,8.096932434623094e-89,0.01
992.0,1.450768972737756,2.3397826652923656e-88,0.01
994.0,1.4507437215829002,6.459526150016875e-88,0.01
996.0,1.4507185227409516,2.09271360390228e-87,0.01
998.0,1.450693377768498,6.654218545602404e-87,0.01
1000.0,1.4506682709971577,2.0718023522615625e-86,0.01
1002.0,1.450643227603896,6.285297730500761e-86,0.01
1004.0,1.4506182258666667,1.8479030153566256e-85,0.01
1006.0,1.450593245208707,5.21978898938657e-85,0.01
1008.0,1.4505683434799137,1.387659535716358e-84,0.01
1010.0,1.4505434367643966,3.913344622664579e-84,0.01
1012.0,1.4505186219812016,1.1889203462605076e-83,0.01
1014.0,1.4504938905026923,3.5298270574711376e-83,0.01
1016.0,1.450469119418498,1.0237994920622382e-82,0.01
1018.0,1.450444383821234,2.8763794947900886e-82,0.01
1020.0,1.4504197665440002,7.712986845523764e-82,0.01
1022.0,1.4503951488598306,1.9464803407371375e-81,0.01
1024.0,1.450370621190339,5.317461416186107e-81,0.01
1026.0,1.450346085488983,1.5358729018491882e-80,0.01
1028.0,1.4503215419237288,4.3377971446879935e-80,0.01
1030.0,1.45029709744958,1.1873051259244708e-79,0.01
1032.0,1.4502727096712658,3.1243391105791887e-79,0.01
1034.0,1.4502482739187448,7.826060446169207e-79,0.01
1036.0,1.450224003634226,1.908356292629426e-78,0.01
1038.0,1.4501996252641176,5.338360668116982e-78,0.01
1040.0,1.4501753863403335,1.4543165954931583e-77,0.01
1042.0,1.4501511860853333,3.845921633858589e-77,0.01
1044.0,1.450126975408,9.804496895644358e-77,0.01
1046.0,1.4501027700736928,2.3736523652004103e-76,0.01
1048.0,1.4500786375342738,5.571645784951339e-76,0.01
1050.0,1.4500545865745043,1.496251080409202e-75,0.01
1052.0,1.4500305283884711,3.9222208986579625e-75,0.01
1054.0,1.4500065111814815,9.959763104672911e-75,0.01
1056.0,1.4499825278178602,2.424885072995528e-74,0.01
1058.0,1.4499585422919263,5.5666119650891794e-74,0.01
1060.0,1.449934630119795,1.3262229771556219e-73,0.01
1062.0,1.4499107030114755,3.4203582884199754e-73,0.01
1064.0,1.4498868273714285,8.571845143143678e-73,0.01
1066.0,1.44986301344813,2.0687971301288953e-72,0.01
1068.0,1.4498392399785367,4.741179565051296e-72,0.01
1070.0,1.449815452019187,1.0270154356961272e-71,0.01
1072.0,1.4497917399918219,2.588115101879813e-71,0.01
1074.0,1.4497680150846153,6.355276659147554e-71,0.01
1076.0,1.4497443239405645,1.507494125436766e-70,0.01
1078.0,1.449720664480726,3.410418472472355e-70,0.01
1080.0,1.4496969923787952,7.201974919959995e-70,0.01
1082.0,1.4496733923386347,1.724704202493093e-69,0.01
1084.0,1.44964984972292,4.12885508340579e-69,0.01
1086.0,1.4496263111762,9.555158945416752e-69,0.01
1088.0,1.44960275613272,2.113182251743119e-68,0.01
1090.0,1.4495791908794444,4.365999459334558e-68,0.01
1092.0,1.449555784292143,1.0135945102898613e-67,0.01
1094.0,1.4495322873831076,2.3648095121519096e-67,0.01
1096.0,1.4495088486442689,5.320207668195204e-67,0.01
1098.0,1.4494854816480238,1.1369976994642351e-66,0.01
1100.0,1.4494620966598815,2.2740127631828245e-66,0.01
1102.0,1.4494386872308695,5.294456480114842e-66,0.01
1104.0,1.449415392512549,1.1941080268968129e-65,0.01
1106.0,1.449392088661811,2.591780626388772e-65,0.01
1108.0,1.4493687485420312,5.333538184925286e-65,0.01
1110.0,1.4493455368310937,1.0878838670174913e-64,0.01
1112.0,1.449322301242031,2.4518851709340576e-64,0.01
1114.0,1.4492990462501563,5.420115444812355e-64,0.01
1116.0,1.4492758024312062,1.2279772240636623e-63,0.01
1118.0,1.4492526036410465,2.892323757709506e-63,0.01
1120.0,1.4492294634782559,1.1483506170981066e-62,0.01
1122.0,1.4492063016048837,1.1215179870366092e-61,0.01
1124.0,1.4491831618640154,1.302951623913618e-60,0.01
1126.0,1.4491600646887692,1.1011711361660189e-59,0.01
1128.0,1.449137016404154,5.417802089553485e-59,0.01
1130.0,1.4491139419564616,7.30482186228755e-58,0.01
1132.0,1.4490908463804615,8.553480001284859e-57,0.01
1134.0,1.4490677789196182,7.637764648837029e-56,0.01
1136.0,1.4490448164539693,2.8534366137828454e-55,0.01
1138.0,1.4490218238220611,3.458852038401346e-54,0.01
1140.0,1.4489988094041986,3.689920963777468e-53,0.01
1142.0,1.4489758036671103,3.1481112514215286e-52,0.01
1144.0,1.4489528359134092,1.3325249751291301e-51,0.01
1146.0,1.4489299208679547,1.1025649625767323e-50,0.01
1148.0,1.4489069822545833,1.0594546898537723e-49,0.01
1150.0,1.4488840552908302,8.320894078370499e-49,0.01
1152.0,1.4488611642221052,3.7639009886240614e-48,0.01
1154.0,1.448838321823609,2.3846085462414634e-47,0.01
1156.0,1.44881545407594,2.045998495877742e-46,0.01
1158.0,1.4487925631642857,1.4493521083608167e-45,0.01
1160.0,1.448769662612388,6.266579001195768e-45,0.01
1162.0,1.4487468871422389,3.549360133762791e-44,0.01
1164.0,1.4487240853523882,2.705078482832511e-43,0.01
1166.0,1.448701259888209,1.6988933942457953e-42,0.01
1168.0,1.4486784207584444,6.426629972582703e-42,0.01
1170.0,1.4486557065658519,3.6499108921821764e-41,0.01
1172.0,1.4486329662137036,2.454997357750004e-40,0.01
1174.0,1.448610201718,1.3434354086672735e-39,0.01
1176.0,1.4485874137594097,4.0872435314365126e-39,0.01
1178.0,1.448564671700369,2.6182521820107805e-38,0.01
1180.0,1.4485419594391544,1.547139204286728e-37,0.01
1182.0,1.4485192514699265,7.249198768852985e-37,0.01
1184.0,1.4484965162493382,2.216675030317026e-36,0.01
1186.0,1.4484738223989744,1.313946590128081e-35,0.01
1188.0,1.4484511561613138,6.750861555170645e-35,0.01
1190.0,1.4484285006051094,2.623625134345683e-34,0.01
1192.0,1.4484058131306567,8.900325139272669e-34,0.01
1194.0,1.4483831606896727,4.6237030365720296e-33,0.01
1196.0,1.4483604968436727,2.0409466928795896e-32,0.01
1198.0,1.4483378140259422,6.278987044679772e-32,0.01
1200.0,1.4483151689752174,2.5375740470542154e-31,0.01
1202.0,1.4482925520383394,1.1474771973309333e-30,0.01
1204.0,1.448269959556367,4.239763727875854e-30,0.01
1206.0,1.4482473940527698,1.1458114483991034e-29,0.01
1208.0,1.4482247893132014,5.109016051282616e-29,0.01
1210.0,1.448202158395036,1.9858859859098502e-28,0.01
1212.0,1.4481795246927143,5.908392490319902e-28,0.01
1214.0,1.4481569924355715,1.886933685094154e-27,0.01
1216.0,1.44813442762725,7.314261665719363e-27,0.01
1218.0,1.4481118364134644,2.3836126141368028e-26,0.01
1220.0,1.4480892162206072,5.873689213779434e-26,0.01
1222.0,1.4480667056825531,2.2214480478000978e-25,0.01
1224.0,1.4480441345388968,7.390628402214344e-25,0.01
1226.0,1.4480215200753712,1.9370940252587232e-24,0.01
1228.0,1.4479990053474558,5.680593602325957e-24,0.01
1230.0,1.4479764578609187,1.8684580181368077e-23,0.01
1232.0,1.4479539072912675,5.190497185707059e-23,0.01
1234.0,1.447931379995493,1.2368407492665012e-22,0.01
1236.0,1.447908881308351,3.950822081715825e-22,0.01
1238.0,1.4478863651262106,1.1068231445730617e-21,0.01
1240.0,1.447863824256993,2.41828701009673e-21,0.01
1242.0,1.4478413138234267,7.121015018992e-21,0.01
1244.0,1.447818774615035,1.9687133384375105e-20,0.01
1246.0,1.4477962213805227,4.553109868081901e-20,0.01
1248.0,1.4477736933247733,1.106076343038877e-19,0.01
1250.0,1.4477511870078126,2.971461345565414e-19,0.01
1252.0,1.4477286970320762,6.925047361352743e-19,0.01
1254.0,1.4477062273780967,1.4822515515393993e-18,0.01
1256.0,1.4476837156358824,3.838556612979394e-18,0.01
1258.0,1.447661207710207,8.837845300606585e-18,0.01
1260.0,1.4476387163033102,1.7313891128351812e-17,0.01
1262.0,1.4476161767446551,4.304172209763822e-17,0.01
1264.0,1.4475936484146736,9.672484479898474e-17,0.01
1266.0,1.4475711346128082,1.847732152256123e-16,0.01
1268.0,1.4475486454689726,4.2026804971807214e-16,0.01
1270.0,1.4475261258714383,9.133865477823632e-16,0.01
1272.0,1.4475035983046258,1.738399230387062e-15,0.01
1274.0,1.4474811590325172,3.586448733441449e-15,0.01
1276.0,1.4474586345567235,7.501457771504735e-15,0.01
1278.0,1.4474360857401696,1.4023159381458912e-14,0.01
1280.0,1.4474136176384746,2.6910120810475665e-14,0.01
1282.0,1.4473911111888476,5.3977842007970024e-14,0.01
1284.0,1.4473685953364526,9.809942071394168e-14,0.01
1286.0,1.447346096464831,1.7778032099900827e-13,0.01
1288.0,1.447323614260606,3.412029996755223e-13,0.01
1290.0,1.4473011219055891,5.998509583788422e-13,0.01
1292.0,1.4472785902826937,1.037214955060286e-12,0.01
1294.0,1.4472560751510402,1.9048844264948882e-12,0.01
1296.0,1.447233547355604,3.2357621613868023e-12,0.01
1298.0,1.4472109810133222,5.369305627802896e-12,0.01
1300.0,1.4471884919457667,9.421142661344446e-12,0.01
1302.0,1.4471660027224,1.5401853989312284e-11,0.01
1304.0,1.4471434750157335,2.463019038077825e-11,0.01
1306.0,1.4471209010116333,4.136272866753072e-11,0.01
1308.0,1.447098345662947,6.518772916474505e-11,0.01
1310.0,1.4470758537357948,1.0073178450805652e-10,0.01
1312.0,1.4470533154278478,1.6161822937528273e-10,0.01
1314.0,1.4470307707153465,2.4498004376955437e-10,0.01
1316.0,1.4470082375470297,3.6738339555106447e-10,0.01
1318.0,1.4469856586032672,5.643028783998669e-10,0.01
1320.0,1.4469630707651973,8.24084715660802e-10,0.01
1322.0,1.446940494067829,1.1999271692298854e-09,0.01
1324.0,1.4469179280464264,1.7650390031067291e-09,0.01
1326.0,1.4468953686645751,2.482064731650259e-09,0.01
1328.0,1.4468728198671896,3.5080073878791117e-09,0.01
1330.0,1.4468502290068628,4.950214472100417e-09,0.01
1332.0,1.446827621190456,6.719726157734783e-09,0.01
1334.0,1.446805023568306,9.225745904327668e-09,0.01
1336.0,1.446782433063896,1.2506501312587221e-08,0.01
1338.0,1.4467598415027272,1.6397557877220695e-08,0.01
1340.0,1.4467371925936363,2.185444596923381e-08,0.01
1342.0,1.446714549192589,2.8532567027745106e-08,0.01
1344.0,1.44669191039,3.62302495537e-08,0.01
1346.0,1.4466692811319355,4.677588522679708e-08,0.01
1348.0,1.446646655958971,5.888779664349602e-08,0.01
1350.0,1.4466240357789066,7.291404508015242e-08,0.01
1352.0,1.446601358140418,9.064222429880374e-08,0.01
1354.0,1.4465786765489743,1.1036097297042149e-07,0.01
1356.0,1.446556000369487,1.3310070610696074e-07,0.01
1358.0,1.44653327309,1.5973003282799845e-07,0.01
1360.0,1.4465105483708918,1.886195890926153e-07,0.01
1362.0,1.4464878838294903,2.216330928817886e-07,0.01
1364.0,1.4464651711301273,2.6030313416398744e-07,0.01
1366.0,1.446442431638254,3.039093020057613e-07,0.01
1368.0,1.4464196822414286,3.6925390465274347e-07,0.01
1370.0,1.446396895115492,4.6558887689751963e-07,0.01
1372.0,1.4463740710075557,5.923005480549855e-07,0.01
1374.0,1.4463513717549528,8.048173083398831e-07,0.01
1376.0,1.4463287127824607,1.0357796566886232e-06,0.01
1378.0,1.4463061124417667,1.2895001993106994e-06,0.01
1380.0,1.4462836320958492,1.4512831913246509e-06,0.01
1382.0,1.446261177708805,1.5503508448645312e-06,0.01
1384.0,1.446238665054717,1.4849689981852874e-06,0.01
1386.0,1.4462160760563636,1.362915248725468e-06,0.01
1388.0,1.446193431774232,1.1998232248383237e-06,0.01
1390.0,1.4461706809775312,1.0681472635735182e-06,0.01
1392.0,1.446147918808349,9.59834103290756e-07,0.01
1394.0,1.4461251410638005,8.88076517105705e-07,0.01
1396.0,1.4461023170829905,8.381219378266438e-07,0.01
1398.0,1.446079494194489,7.953132470602922e-07,0.01
1400.0,1.4460567379344271,7.5720150504481e-07,0.01
1402.0,1.4460339438232197,7.19058021171744e-07,0.01
1404.0,1.4460111199718266,6.808895972677195e-07,0.01
1406.0,1.4459882294555109,6.420982328552238e-07,0.01
1408.0,1.4459653578594769,6.029839862578942e-07,0.01
1410.0,1.4459425325548614,5.63287801236353e-07,0.01
1412.0,1.4459196553405538,5.22807234347586e-07,0.01
1414.0,1.4458967560294478,4.819850893371397e-07,0.01
1416.0,1.445873852397546,4.410092859764062e-07,0.01
1418.0,1.4458509145960123,4.004893469833708e-07,0.01
1420.0,1.445827935031595,3.605265755508553e-07,0.01
1422.0,1.445805008275,3.226678715365021e-07,0.01
1424.0,1.445782079528049,2.858775368574163e-07,0.01
1426.0,1.4457590889060976,2.5185015062083066e-07,0.01
1428.0,1.445736095622918,2.2005596181827447e-07,0.01
1430.0,1.4457131000727659,1.901641263854474e-07,0.01
1432.0,1.4456901005996667,1.6422194166240017e-07,0.01
1434.0,1.4456670826640303,1.397988070679756e-07,0.01
1436.0,1.4456440092519092,1.1862890055767227e-07,0.01
1438.0,1.4456209338613897,9.990157626509402e-08,0.01
1440.0,1.4455978571242296,8.283684995264779e-08,0.01
1442.0,1.445574777450241,6.921728961238006e-08,0.01
1444.0,1.4455516967226127,5.669718976220712e-08,0.01
1446.0,1.4455286137676577,4.6438806058303e-08,0.01
1448.0,1.4455055287742815,3.777686065137736e-08,0.01
1450.0,1.4454824425048205,3.0114311576706515e-08,0.01
1452.0,1.445459287454072,2.439648493895827e-08,0.01
1454.0,1.4454361273174627,1.9235195242986322e-08,0.01
1456.0,1.445412964326418,1.5242742738210638e-08,0.01
1458.0,1.4453897986728572,1.1978083987728662e-08,0.01
1460.0,1.4453666312442859,9.198621073442677e-09,0.01
1462.0,1.4453433956754762,7.230534610173499e-09,0.01
1464.0,1.4453201693731361,5.4861140057212404e-09,0.01
1466.0,1.44529699117787,4.226546119851459e-09,0.01
1468.0,1.4452737717228403,3.207124567539903e-09,0.01
1470.0,1.4452505185098226,2.38418637904875e-09,0.01
1472.0,1.4452272594904425,1.8177370186864367e-09,0.01
1474.0,1.4452039982912352,1.3255728791572134e-09,0.01
1476.0,1.4451807308441764,9.980364568372221e-10,0.01
1478.0,1.4451574278437647,7.294198994388421e-10,0.01
1480.0,1.4451340839378823,5.285928640470693e-10,0.01
1482.0,1.4451107335169502,3.8939241357141735e-10,0.01
1484.0,1.4450873805473685,2.7210471528460016e-10,0.01
1486.0,1.445064019003509,2.0153046996120515e-10,0.01
1488.0,1.4450406541020409,1.4145139084099934e-10,0.01
1490.0,1.4450172829650145,1.008633346695715e-10,0.01
1492.0,1.444993905350872,7.151811406976527e-11,0.01
1494.0,1.4449705240136628,4.8635310767033066e-11,0.01
1496.0,1.4449470706468024,3.508234467748146e-11,0.01
1498.0,1.444923621634971,2.3532650891094293e-11,0.01
1500.0,1.4449002182245665,1.667493516490894e-11,0.01
1502.0,1.4448767778318785,1.1305380076110623e-11,0.01
1504.0,1.444853294889682,7.648009806671356e-12,0.01
1506.0,1.4448297531644798,5.272255728822908e-12,0.01
1508.0,1.444806190520862,3.363264775509315e-12,0.01
1510.0,1.444782682693276,2.386353477371389e-12,0.01
1512.0,1.4447591713666477,1.5382424098628924e-12,0.01
1514.0,1.444735650335129,1.047369717873782e-12,0.01
1516.0,1.444712087143381,6.85487096579956e-13,0.01
1518.0,1.4446884850344985,4.4267223285101686e-13,0.01
1520.0,1.444664871982857,2.969087601670539e-13,0.01
1522.0,1.4446412553893446,1.8086325691499784e-13,0.01
1524.0,1.444617624563134,1.2494635967511528e-13,0.01
1526.0,1.4445939714615383,7.705580550072353e-14,0.01
1528.0,1.444570258133903,5.0866104799697825e-14,0.01
1530.0,1.4445465715142776,3.199398633372986e-14,0.01
1532.0,1.4445229100468555,2.001318317650597e-14,0.01
1534.0,1.44449918619983,1.2956596662453509e-14,0.01
1536.0,1.4444754415596033,7.541415696124854e-15,0.01
1538.0,1.4444516806547456,5.097975153737749e-15,0.01
1540.0,1.444427915893324,2.9909947330027585e-15,0.01
1542.0,1.4444041379552957,1.947251871340773e-15,0.01
1544.0,1.4443803523295504,1.1663009872551244e-15,0.01
1546.0,1.444356556919438,7.198126200848929e-16,0.01
1548.0,1.4443327055576405,4.437387158340603e-16,0.01
1550.0,1.4443088253722474,2.5545408035990003e-16,0.01
1552.0,1.4442849878653072,1.6454764683880231e-16,0.01
1554.0,1.4442611484859216,9.105825007832463e-17,0.01
1556.0,1.444237231329497,5.941056271972064e-17,0.01
1558.0,1.4442133084013369,3.3461142782448593e-17,0.01
1560.0,1.444189372005794,2.0807680161613454e-17,0.01
1562.0,1.4441654256623055,1.2031259922250403e-17,0.01
1564.0,1.4441414695678612,7.055108947894722e-18,0.01
1566.0,1.4441174522950833,4.2261768515446394e-18,0.01
1568.0,1.444093409422861,2.2957264133669343e-18,0.01
1570.0,1.4440694081699998,1.44920577749e-18,0.01
1572.0,1.4440454029737846,7.599350141839519e-19,0.01
1574.0,1.444021318592569,4.847463925414195e-19,0.01
1576.0,1.4439972280766942,2.590805232291262e-19,0.01
1578.0,1.443973122170358,1.5765594485061056e-19,0.01
1580.0,1.4439490059703846,8.661128437705223e-20,0.01
1582.0,1.4439248781626923,4.982482920056972e-20,0.01
1584.0,1.4439007357341096,2.841852035969861e-20,0.01
1586.0,1.4438765854327398,1.5293828776465244e-20,0.01
1588.0,1.443852416265246,9.204697617061352e-21,0.01
1590.0,1.443828243095847,4.6079580627117266e-21,0.01
1592.0,1.4438040466352315,3.0267098057684163e-21,0.01
1594.0,1.4437798356863487,1.6312767646256523e-21,0.01
1596.0,1.4437555492885286,1.1318191877858803e-21,0.01
1598.0,1.4437312550098098,7.566920394287481e-22,0.01
1600.0,1.4437069443630706,6.397896271510255e-22,0.01
1602.0,1.4436826217801355,5.956018995558241e-22,0.01
1604.0,1.4436582865226828,6.286266721905119e-22,0.01
1606.0,1.4436339351394054,7.119877355338949e-22,0.01
1608.0,1.4436095746853512,8.236629624009204e-22,0.01
1610.0,1.4435851940201887,9.873770886447333e-22,0.01
1612.0,1.443560807982453,1.1649243400393408e-21,0.01
1614.0,1.4435363975242206,1.414535746379515e-21,0.01
1616.0,1.4435119784517743,1.6768797830218709e-21,0.01
1618.0,1.44348747407543,2.0344719667799328e-21,0.01
1620.0,1.4434629639133243,2.4220981585580314e-21,0.01
1622.0,1.443438432626461,2.919383402874383e-21,0.01
1624.0,1.4434139146886666,3.483180085302134e-21,0.01
1626.0,1.443389421542,4.170498009936759e-21,0.01
1628.0,1.4433648840290667,4.983801260364074e-21,0.01
1630.0,1.4433402974797334,5.9363514498254654e-21,0.01
1632.0,1.4433156939780851,7.105422115843011e-21,0.01
1634.0,1.4432910791748936,8.418839766231312e-21,0.01
1636.0,1.4432663964351062,1.009087866155452e-20,0.01
1638.0,1.4432416872755318,1.1902381374352396e-20,0.01
1640.0,1.4432170086855556,1.4274910734711205e-20,0.01
1642.0,1.4431923359183596,1.675430231365302e-20,0.01
1644.0,1.443167634883694,2.0103137822739832e-20,0.01
1646.0,1.4431429271137732,2.3566728569463622e-20,0.01
1648.0,1.4431181291823747,2.821577939062462e-20,0.01
1650.0,1.4430933263785262,3.313467747648402e-20,0.01
1652.0,1.4430684979943158,3.9470273702010415e-20,0.01
1654.0,1.4430436784628797,4.6392420696971165e-20,0.01
1656.0,1.443018884127801,5.49839814203221e-20,0.01
1658.0,1.4429940560131413,6.465833828635897e-20,0.01
1660.0,1.4429691651649739,7.63436022745267e-20,0.01
1662.0,1.4429442315607854,8.986429250564088e-20,0.01
1664.0,1.4429192435398428,1.0572097977323182e-19,0.01
1666.0,1.442894272967552,1.244926000066507e-19,0.01
1668.0,1.4428693178685936,1.45849160794672e-19,0.01
1670.0,1.4428443427063375,1.7173061665391666e-19,0.01
1672.0,1.4428193547167274,2.0050503821443511e-19,0.01
1674.0,1.4427943439836788,2.360661045065659e-19,0.01
1676.0,1.442769322791969,2.7474803662418355e-19,0.01
1678.0,1.4427442270586788,3.2349971605009403e-19,0.01
1680.0,1.442719107136399,3.7551906182107982e-19,0.01
1682.0,1.442693959168217,4.420586570478232e-19,0.01
1684.0,1.4426688052509045,5.11678305189423e-19,0.01
1686.0,1.4426436781430334,6.018666994115104e-19,0.01
1688.0,1.4426185543486891,6.945972982053438e-19,0.01
1690.0,1.4425933362049614,8.167632446497821e-19,0.01
1692.0,1.44256811257,9.40642359476e-19,0.01
1694.0,1.4425428535289744,1.1053488170062621e-18,0.01
1696.0,1.442517592688082,1.2727459289871246e-18,0.01
1698.0,1.4424922976497188,1.4912654755293196e-18,0.01
1700.0,1.442466999148954,1.7165099855385023e-18,0.01
1702.0,1.4424416676642602,2.005818621206864e-18,0.01
1704.0,1.4424163224729336,2.3078101787391312e-18,0.01
1706.0,1.4423908894576276,2.6910663837697585e-18,0.01
1708.0,1.4423654612410661,3.0955083206940177e-18,0.01
1710.0,1.4423400556471575,3.599825850831067e-18,0.01
1712.0,1.442314642311823,4.137047291185367e-18,0.01
1714.0,1.4422891989548607,4.801871700430929e-18,0.01
1716.0,1.442263731958557,5.516164632350925e-18,0.01
1718.0,1.442238185821848,6.396069574963573e-18,0.01
1720.0,1.4422126298432576,7.349781385962509e-18,0.01
1722.0,1.4421870451109344,8.519125028129231e-18,0.01
1724.0,1.4421614673195728,9.801000861574488e-18,0.01
1726.0,1.4421359078271105,1.1379552472026653e-17,0.01
1728.0,1.4421103187204272,1.3144422295404234e-17,0.01
1730.0,1.442084655318417,1.537672202138425e-17,0.01
1732.0,1.4420589801174437,1.795664004872099e-17,0.01
1734.0,1.4420332767189474,2.1367306897943847e-17,0.01
1736.0,1.4420075612105,2.5523825070949732e-17,0.01
1738.0,1.4419818174455001,3.1420662999449735e-17,0.01
1740.0,1.4419560613661098,3.907700187348945e-17,0.01
1742.0,1.441930276553142,5.08388429537894e-17,0.01
1744.0,1.4419044795518408,6.691785141209655e-17,0.01
1746.0,1.4418786534224874,9.331415818055288e-17,0.01
1748.0,1.4418528154010173,1.3026667703027105e-16,0.01
1750.0,1.441826947544938,1.9370232443473797e-16,0.01
1752.0,1.4418010682391584,2.822062384119678e-16,0.01
1754.0,1.4417751579767821,4.3848731756741476e-16,0.01
1756.0,1.4417492209730693,6.519458214916687e-16,0.01
1758.0,1.4417232037453465,1.0369365997223435e-15,0.01
1760.0,1.441697191360345,1.546753611723264e-15,0.01
1762.0,1.441671195187931,2.4744671454769712e-15,0.01
1764.0,1.4416451774618226,3.6551529537113836e-15,0.01
1766.0,1.441619073520936,5.847727859869048e-15,0.01
1768.0,1.4415929729733332,8.52015430781481e-15,0.01
1770.0,1.4415668889929412,1.3535385342138428e-14,0.01
1772.0,1.4415407909088234,1.9353850521154386e-14,0.01
1774.0,1.4415145984382354,3.054780574541929e-14,0.01
1776.0,1.441488407667756,4.290546384853253e-14,0.01
1778.0,1.4414622340872683,6.702945105999647e-14,0.01
1780.0,1.4414360561292197,9.221548138663312e-14,0.01
1782.0,1.4414097731097073,1.4289054647736313e-13,0.01
1784.0,1.4413834900901952,1.9356561156809316e-13,0.01
1786.0,1.441357161639124,2.9603042953317295e-13,0.01
1788.0,1.4413308327291483,3.990183763151649e-13,0.01
1790.0,1.441304520182397,5.950498909987764e-13,0.01
1792.0,1.4412782087731961,7.975496751087096e-13,0.01
1794.0,1.4412518010530992,1.1614706674642658e-12,0.01
1796.0,1.441225378941719,1.5495120702473275e-12,0.01
1798.0,1.4411989187972223,2.2043447411844763e-12,0.01
1800.0,1.4411724494397344,2.9238038683825264e-12,0.01
1802.0,1.4411459449321686,4.065430502468913e-12,0.01
1804.0,1.4411194277514459,5.3592671900592456e-12,0.01
1806.0,1.4410928787498076,7.288724187648442e-12,0.01
1808.0,1.441066313355577,9.545621950994675e-12,0.01
1810.0,1.4410397196809832,1.2708337393696999e-11,0.01
1812.0,1.441013105527506,1.652698977662259e-11,0.01
1814.0,1.440986467088421,2.155765656924735e-11,0.01
1816.0,1.4409598038731102,2.7824822911161128e-11,0.01
1818.0,1.4409331205752267,3.5594285280898e-11,0.01
1820.0,1.4409064077733174,4.5570824531017203e-11,0.01
1822.0,1.4408796794173808,5.722957074002412e-11,0.01
1824.0,1.4408529164411905,7.263258405107241e-11,0.01
1826.0,1.4408261294640001,8.965554041092079e-11,0.01
1828.0,1.4407992521973334,1.127725682400634e-10,0.01
1830.0,1.4407723763352607,1.3702954200223742e-10,0.01
1832.0,1.4407455118376304,1.7050971467711872e-10,0.01
1834.0,1.44071864734,2.03989887352e-10,0.01
1836.0,1.440691731302175,2.5110597320542766e-10,0.01
1838.0,1.44066481526435,2.9822205905885536e-10,0.01
1840.0,1.4406378532859199,3.605057879825724e-10,0.01
1842.0,1.4406108853378066,4.2476045357644016e-10,0.01
1844.0,1.4405838285919577,5.049469325974162e-10,0.01
1846.0,1.4405567445683727,5.900274980960009e-10,0.01
1848.0,1.440529667488451,6.902455267280334e-10,0.01
1850.0,1.4405025942302347,7.987950273172355e-10,0.01
1852.0,1.440475493469883,9.205992763484107e-10,0.01
1854.0,1.4404483668094614,1.0548861525530951e-09,0.01
1856.0,1.4404212197574766,1.1991484377322426e-09,0.01
1858.0,1.4403940394350467,1.3596863901855146e-09,0.01
1860.0,1.440366830785888,1.5262483322638337e-09,0.01
1862.0,1.4403395324354205,1.711886241488134e-09,0.01
1864.0,1.440312234976744,1.899539156083027e-09,0.01
1866.0,1.440284945544186,2.105327119013251e-09,0.01
1868.0,1.4402576561116278,2.3111150819434747e-09,0.01
1870.0,1.4402303141963806,2.5300506738867503e-09,0.01
1872.0,1.4402029695188863,2.749678246304398e-09,0.01
1874.0,1.4401755301201857,2.973383117979197e-09,0.01
1876.0,1.4401480662965198,3.1981393687077265e-09,0.01
1878.0,1.4401206071784758,3.4183566422250498e-09,0.01
1880.0,1.4400931507073442,3.6360207410610697e-09,0.01
1882.0,1.4400656371309006,3.844965403592709e-09,0.01
1884.0,1.44003806043806,4.044272794419502e-09,0.01
1886.0,1.4400104857473104,4.23383376112213e-09,0.01
1888.0,1.4399829155128276,4.40170107412903e-09,0.01
1890.0,1.4399553375060092,4.5639237037066725e-09,0.01
1892.0,1.4399277096986698,4.68997854686722e-09,0.01
1894.0,1.4399000818913303,4.816033390027766e-09,0.01
1896.0,1.4398723378937843,4.8943843665967395e-09,0.01
1898.0,1.4398445884213074,4.970487516991236e-09,0.01
1900.0,1.4398168427299545,5.003841676355228e-09,0.01
1902.0,1.439789098136347,5.024784838323265e-09,0.01
1904.0,1.439761318987221,5.01305437809189e-09,0.01
1906.0,1.4397335153243507,4.978145194419909e-09,0.01
1908.0,1.4397056636657175,4.922620767687838e-09,0.01
1910.0,1.4396777369367881,4.834851986425881e-09,0.01
1912.0,1.4396498108753062,4.7381877693127965e-09,0.01
1914.0,1.4396218875691837,4.604801368301455e-09,0.01
1916.0,1.439593964263061,4.471414967290112e-09,0.01
1918.0,1.439565980883439,4.302267960243296e-09,0.01
1920.0,1.4395379968970134,4.132759734953697e-09,0.01
1922.0,1.4395099157070588,3.94370737355117e-09,0.01
1924.0,1.439481807100724,3.749142563501409e-09,0.01
1926.0,1.4394536996025675,3.5477542071950084e-09,0.01
1928.0,1.4394255929404054,3.3412182633616673e-09,0.01
1930.0,1.439397464526854,3.13451159818303e-09,0.01
1932.0,1.4393692957178652,2.927487879077414e-09,0.01
1934.0,1.4393411190845515,2.7217688687321976e-09,0.01
1936.0,1.4393128876809642,2.525182819709778e-09,0.01
1938.0,1.4392846562773767,2.3285967706873576e-09,0.01
1940.0,1.43925631157,2.149587144195714e-09,0.01
1942.0,1.4392279535699999,1.972639556101536e-09,0.01
1944.0,1.4391995955432813,1.8148410518342077e-09,0.01
1946.0,1.4391712375031027,1.666689078517244e-09,0.01
1948.0,1.4391428521474834,1.5338592673935137e-09,0.01
1950.0,1.4391144298356793,1.421759440413564e-09,0.01
1952.0,1.4390859959112,1.3175566027348033e-09,0.01
1954.0,1.4390575090845332,1.2493289385392477e-09,0.01
1956.0,1.4390290222578666,1.1811012743436921e-09,0.01
1958.0,1.4390004748158758,1.162168932458116e-09,0.01
1960.0,1.4389719228114413,1.1469469911765195e-09,0.01
1962.0,1.4389433265198452,1.1754216448043563e-09,0.01
1964.0,1.4389147089048009,1.2249353996848875e-09,0.01
1966.0,1.438886063827947,1.3077850676802384e-09,0.01
1968.0,1.4388573800398674,1.4376263240422702e-09,0.01
1970.0,1.4388286862407047,1.5825952053231227e-09,0.01
1972.0,1.4387999357120704,1.8132872944773096e-09,0.01
1974.0,1.438771185183436,2.0439793836314965e-09,0.01
1976.0,1.4387423755778461,2.3864144441877596e-09,0.01
1978.0,1.4387135579163077,2.7440871826624885e-09,0.01
1980.0,1.438684699239035,3.1978255928604955e-09,0.01
1982.0,1.4386558137828946,3.714284565588572e-09,0.01
1984.0,1.4386269061538293,4.2942899226270815e-09,0.01
1986.0,1.4385979524733041,5.0062762316949255e-09,0.01
1988.0,1.4385689985713725,5.7275995319563245e-09,0.01
1990.0,1.4385400393556862,6.673010620862613e-09,0.01
1992.0,1.4385110801399998,7.6184217097689e-09,0.01
1994.0,1.438482022207756,8.770914482968386e-09,0.01
1996.0,1.438452930486623,9.994287564214535e-09,0.01
1998.0,1.4384238073669564,1.1358495863632519e-08,0.01
2000.0,1.4383946458713044,1.289483609637168e-08,0.01
2002.0,1.4383654833227273,1.4481883596589562e-08,0.01
2004.0,1.4383363148075758,1.6356272279186915e-08,0.01
2006.0,1.4383071462924244,1.823066096178427e-08,0.01
2008.0,1.4382778652900001,2.0409497917363404e-08,0.01
2010.0,1.4382485628614285,2.26463250201772e-08,0.01
2012.0,1.4382192562189655,2.5069394115468704e-08,0.01
2014.0,1.4381899458396552,2.765762120408959e-08,0.01
2016.0,1.4381606204181936,3.0315875753914256e-08,0.01
2018.0,1.4381312384095915,3.323756694350546e-08,0.01
2020.0,1.4381018564009893,3.615925813309665e-08,0.01
2022.0,1.438072354451097,3.934128092261195e-08,0.01
2024.0,1.438042836915613,4.2557132112117414e-08,0.01
2026.0,1.438013314119572,4.589121473071529e-08,0.01
2028.0,1.4379837871902357,4.931819347217151e-08,0.01
2030.0,1.4379542438325001,5.2774232584598146e-08,0.01
2032.0,1.4379246438880555,5.6330368530367324e-08,0.01
2034.0,1.4378950439436111,5.98865044761365e-08,0.01
2036.0,1.4378653785769935,6.346669914829118e-08,0.01
2038.0,1.4378357047091899,6.70500200956259e-08,0.01
2040.0,1.4378059906951064,7.0590992681479e-08,0.01
2042.0,1.4377762424823404,7.40958907371811e-08,0.01
2044.0,1.4377464800128026,7.756736022168752e-08,0.01
2046.0,1.4377166567643949,8.089631842899126e-08,0.01
2048.0,1.4376868335159874,8.4225276636295e-08,0.01
2050.0,1.4376569469831568,8.734346234511611e-08,0.01
2052.0,1.437627047945021,9.041999839854845e-08,0.01
2054.0,1.4375971126191331,9.335640583841209e-08,0.01
2056.0,1.4375671371857295,9.613793428433147e-08,0.01
2058.0,1.4375371601958526,9.888673439573364e-08,0.01
2060.0,1.4375071706126947,1.0137073252785996e-07,0.01
2062.0,1.4374771810295368,1.0385473065998627e-07,0.01
2064.0,1.4374470874663157,1.0616943767565678e-07,0.01
2066.0,1.437416956413684,1.084231077581833e-07,0.01
2068.0,1.4373868197535848,1.1063204198609462e-07,0.01
2070.0,1.437356673124654,1.1276144580580113e-07,0.01
2072.0,1.4373265264957231,1.1489084962550763e-07,0.01
2074.0,1.437296240325283,1.1707915169939633e-07,0.01
2076.0,1.4372659505768552,1.192689639849307e-07,0.01
2078.0,1.4372356506857202,1.21625848057695e-07,0.01
2080.0,1.437205343746263,1.2409883286395807e-07,0.01
2082.0,1.4371750209618126,1.2668282740614984e-07,0.01
2084.0,1.4371446327659791,1.2972509290948333e-07,0.01
2086.0,1.4371142445701457,1.3276735841281685e-07,0.01
2088.0,1.4370837909697713,1.3651760481259076e-07,0.01
2090.0,1.4370533205040747,1.404504123240253e-07,0.01
2092.0,1.437022817725394,1.4486673488527845e-07,0.01
2094.0,1.4369922644058921,1.5003932457573472e-07,0.01
2096.0,1.43696171108639,1.5521191426619096e-07,0.01
2098.0,1.4369310760095653,1.619568174688698e-07,0.01
2100.0,1.4369004392642235,1.6873380870241025e-07,0.01
2102.0,1.4368697907173609,1.7661472823128099e-07,0.01
2104.0,1.436839133084371,1.853455748547863e-07,0.01
2106.0,1.4368084547209896,1.9440523167714534e-07,0.01
2108.0,1.4367776490137731,2.054847225781754e-07,0.01
2110.0,1.4367468433065567,2.165642134792055e-07,0.01
2112.0,1.4367160218420534,2.2953280811772804e-07,0.01
2114.0,1.4366851940966736,2.432544021481185e-07,0.01
2116.0,1.4366543244467351,2.578191370215315e-07,0.01
2118.0,1.4366233470422176,2.7455194834843124e-07,0.01
2120.0,1.4365923696377,2.91284759675331e-07,0.01
2122.0,1.436561372714908,3.1074072850897647e-07,0.01
2124.0,1.4365303722118405,3.306962114414923e-07,0.01
2126.0,1.4364993366740817,3.520537557131652e-07,0.01
2128.0,1.4364682485842857,3.7551439199357293e-07,0.01
2130.0,1.4364371604944899,3.989750282739807e-07,0.01
2132.0,1.4364059883675968,4.2597971371730956e-07,0.01
2134.0,1.4363748118176987,4.531709280639499e-07,0.01
2136.0,1.4363435908893902,4.823211464073374e-07,0.01
2138.0,1.4363123246861382,5.134699445857894e-07,0.01
2140.0,1.4362810552976877,5.447669741253397e-07,0.01
2142.0,1.4362496980887627,5.801509540494788e-07,0.01
2144.0,1.4362183408798377,6.15534933973618e-07,0.01
2146.0,1.4361869668155152,6.535225994932407e-07,0.01
2148.0,1.436155580035717,6.934744488831412e-07,0.01
2150.0,1.4361241781683838,7.339405081072535e-07,0.01
2152.0,1.4360926325724241,7.793050925941196e-07,0.01
2154.0,1.4360610869764645,8.246696770809858e-07,0.01
2156.0,1.4360295193189738,8.739877686674443e-07,0.01
2158.0,1.4359979381398993,9.257289775084927e-07,0.01
2160.0,1.435966342958012,9.78605501714168e-07,0.01
2162.0,1.4359346580543977,1.0387564539968987e-06,0.01
2164.0,1.435902973150783,1.0989074062796294e-06,0.01
2166.0,1.435871216378016,1.1668203212245856e-06,0.01
2168.0,1.4358394200493587,1.239005324146426e-06,0.01
2170.0,1.435807605185,1.3142565380573875e-06,0.01
2172.0,1.435775685285,1.4068829475733874e-06,0.01
2174.0,1.435743765385,1.4995093570893873e-06,0.01
2176.0,1.4357117952275698,1.6196007831942847e-06,0.01
2178.0,1.4356797980084464,1.75448106438552e-06,0.01
2180.0,1.4356477705710757,1.902533838328935e-06,0.01
2182.0,1.4356155575073308,2.131503353464394e-06,0.01
2184.0,1.4355833444435857,2.360472868599853e-06,0.01
2186.0,1.43555109745,2.701672645249977e-06,0.01
2188.0,1.4355188305293651,3.1087854326309687e-06,0.01
2190.0,1.4354865577311506,3.54344699429353e-06,0.01
2192.0,1.4354542373779762,4.201003184233952e-06,0.01
2194.0,1.4354219170248017,4.858559374174373e-06,0.01
2196.0,1.4353897620263636,5.630144312910416e-06,0.01
2198.0,1.4353577219354545,6.480969568606154e-06,0.01
2200.0,1.4353257065040945,7.328697171194938e-06,0.01
2202.0,1.4352940774056693,8.127894875108263e-06,0.01
2204.0,1.435262448307244,8.927092579021588e-06,0.01
2206.0,1.4352309088146455,9.541614544271649e-06,0.01
2208.0,1.4351994520351181,9.98566659690945e-06,0.01
2210.0,1.4351679952555905,1.0429718649547252e-05,0.01
2212.0,1.4351364490530452,1.041166651340707e-05,0.01
2214.0,1.4351049010255403,1.0384183679536735e-05,0.01
2216.0,1.4350732187967516,1.0226662894213e-05,0.01
2218.0,1.435041362260548,9.900242240909682e-06,0.01
2220.0,1.4350095057243444,9.573821587606363e-06,0.01
2222.0,1.434977292675625,9.229388781204019e-06,0.01
2224.0,1.4349450310115626,8.882499772106355e-06,0.01
2226.0,1.4349126881471346,8.579351785546015e-06,0.01
2228.0,1.43488017273193,8.369153471877423e-06,0.01
2230.0,1.4348476573167253,8.158955158208829e-06,0.01
2232.0,1.4348150683601364,8.042394722067207e-06,0.01
2234.0,1.4347824555391246,7.956220087242303e-06,0.01
2236.0,1.434749836056971,7.877067450288315e-06,0.01
2238.0,1.4347171872297866,7.828849560711616e-06,0.01
2240.0,1.434684538402602,7.780631671134917e-06,0.01
2242.0,1.434651897206499,7.713681096527126e-06,0.01
2244.0,1.4346192608892845,7.63475388722732e-06,0.01
2246.0,1.434586622312529,7.554389560619961e-06,0.01
2248.0,1.4345538956136872,7.417977659017628e-06,0.01
2250.0,1.4345211689148456,7.281565757415294e-06,0.01
2252.0,1.4344883877301156,7.121381795741074e-06,0.01
2254.0,1.4344555357763582,6.930321480180399e-06,0.01
2256.0,1.434422683822601,6.739261164619724e-06,0.01
2258.0,1.4343897087732307,6.5159194786158585e-06,0.01
2260.0,1.434356710277077,6.286428960146619e-06,0.01
2262.0,1.434323674393666,6.052477193804125e-06,0.01
2264.0,1.4342905201172744,5.804398142529654e-06,0.01
2266.0,1.4342573658408828,5.556319091255184e-06,0.01
2268.0,1.4342241530747417,5.308460942173846e-06,0.01
2270.0,1.4341909066885086,5.060729768368875e-06,0.01
2272.0,1.4341576560342066,4.813276788937136e-06,0.01
2274.0,1.4341241962445317,4.579455333793734e-06,0.01
2276.0,1.4340907364548567,4.3456338786503305e-06,0.01
2278.0,1.4340572457614287,4.121641184530684e-06,0.01
2280.0,1.4340237096661905,3.912088275124952e-06,0.01
2282.0,1.4339901735709524,3.702535365719219e-06,0.01
2284.0,1.4339565360758555,3.51507978505386e-06,0.01
2286.0,1.4339228699807984,3.333856784289625e-06,0.01
2288.0,1.4338891954244317,3.156987097459338e-06,0.01
2290.0,1.4338554729206439,3.0047861895881185e-06,0.01
2292.0,1.433821750416856,2.852585281716899e-06,0.01
2294.0,1.43378793756,2.7136478083286343e-06,0.01
2296.0,1.4337540378933333,2.5874536347377195e-06,0.01
2298.0,1.4337201382266667,2.461259461146804e-06,0.01
2300.0,1.4336862001180377,2.354661443544821e-06,0.01
2302.0,1.4336522562652076,2.2509915871825604e-06,0.01
2304.0,1.4336182891320906,2.151259989852014e-06,0.01
2306.0,1.433584239459774,2.0654913109066344e-06,0.01
2308.0,1.4335501897874576,1.9797226319612552e-06,0.01
2310.0,1.4335160807621805,1.9017846236990893e-06,0.01
2312.0,1.433481926040376,1.829875538883296e-06,0.01
2314.0,1.4334477713185714,1.7579664540675024e-06,0.01
2316.0,1.4334135787417415,1.6957397438818898e-06,0.01
2318.0,1.4333793821911798,1.6345294155635343e-06,0.01
2320.0,1.4333451605288037,1.5752457681197126e-06,0.01
2322.0,1.433310857119458,1.5222340818206463e-06,0.01
2324.0,1.4332765537101122,1.4692223955215799e-06,0.01
2326.0,1.43324218921,1.4199559135705896e-06,0.01
2328.0,1.43320777671,1.3736320921787996e-06,0.01
2330.0,1.43317336421,1.3273082707870098e-06,0.01
2332.0,1.4331388545732402,1.2861603105252492e-06,0.01
2334.0,1.4331043316905585,1.2457181495084922e-06,0.01
2336.0,1.4330697868572861,1.2063676587558018e-06,0.01
2338.0,1.4330351514074722,1.171523806785542e-06,0.01
2340.0,1.433000515957658,1.1366799548152825e-06,0.01
2342.0,1.4329658557936111,1.1047246752252062e-06,0.01
2344.0,1.4329311714047221,1.0756007685622412e-06,0.01
2346.0,1.4328964870158334,1.0464768618992763e-06,0.01
2348.0,1.4328617098754528,1.0221268005189906e-06,0.01
2350.0,1.43282691026732,9.989331364432045e-07,0.01
2352.0,1.4327920991118819,9.7636966351223e-07,0.01
2354.0,1.4327571840307012,9.594779108845552e-07,0.01
2356.0,1.4327222689495203,9.425861582568802e-07,0.01
2358.0,1.432687308409337,9.283024274116677e-07,0.01
2360.0,1.4326522767666114,9.180979101236388e-07,0.01
2362.0,1.4326172451238859,9.078933928356098e-07,0.01
2364.0,1.432582177907156,9.024338342730368e-07,0.01
2366.0,1.4325470935622018,8.992588854671651e-07,0.01
2368.0,1.4325120092172476,8.960839366612934e-07,0.01
2370.0,1.432476813434066,8.997965237007071e-07,0.01
2372.0,1.4324416117857142,9.038716126267144e-07,0.01
2374.0,1.432406384218245,9.095648465180167e-07,0.01
2376.0,1.4323710647557222,9.209951398317273e-07,0.01
2378.0,1.4323357452931993,9.324254331454379e-07,0.01
2380.0,1.4323003684656752,9.473954049754287e-07,0.01
2382.0,1.4322649307247994,9.661240045082755e-07,0.01
2384.0,1.4322294929839234,9.84852604041122e-07,0.01
2386.0,1.4321940151992727,1.0088071154569462e-06,0.01
2388.0,1.4321585237083636,1.0345503618125827e-06,0.01
2390.0,1.4321230322174545,1.060293608168219e-06,0.01
2392.0,1.4320874221960254,1.0926311549113772e-06,0.01
2394.0,1.4320518115789655,1.125001838842413e-06,0.01
2396.0,1.432016172328261,1.1588198079204351e-06,0.01
2398.0,1.4319804424043479,1.1972208466305802e-06,0.01
2400.0,1.4319447124804348,1.2356218853407253e-06,0.01
2402.0,1.4319089560246931,1.2765211873102896e-06,0.01
2404.0,1.4318731708261372,1.320126941144225e-06,0.01
2406.0,1.4318373856275812,1.3637326949781604e-06,0.01
2408.0,1.4318015143734415,1.4104787089790097e-06,0.01
2410.0,1.4317656079698378,1.4585073644564857e-06,0.01
2412.0,1.4317297015662342,1.5065360199339616e-06,0.01
2414.0,1.4316936804643705,1.5578615559106453e-06,0.01
2416.0,1.4316576513888308,1.6094162867883435e-06,0.01
2418.0,1.4316216031381148,1.661382975032315e-06,0.01
2420.0,1.4315854503517593,1.7155954953698402e-06,0.01
2422.0,1.4315492975654038,1.7698080157073656e-06,0.01
2424.0,1.4315131220346868,1.8246868071280188e-06,0.01
2426.0,1.4314769077770841,1.880700060122646e-06,0.01
2428.0,1.4314406935194812,1.9367133131172733e-06,0.01
2430.0,1.4314043682261897,1.9935556366631576e-06,0.01
2432.0,1.4313679608630412,2.051010751486059e-06,0.01
2434.0,1.4313315534998927,2.10846586630896e-06,0.01
2436.0,1.4312951454234875,2.166584507994839e-06,0.01
2438.0,1.4312587371459073,2.2248902982830964e-06,0.01
2440.0,1.4312223288683272,2.2831960885713536e-06,0.01
2442.0,1.4311857284271885,2.3426871776328852e-06,0.01
2444.0,1.431149122042847,2.4022149254193634e-06,0.01
2446.0,1.4311125042170214,2.461976019960572e-06,0.01
2448.0,1.4310758263234042,2.5229621849641144e-06,0.01
2450.0,1.4310391484297873,2.583948349967657e-06,0.01
2452.0,1.4310024233296637,2.6457561523114103e-06,0.01
2454.0,1.4309656065933805,2.7091588977273384e-06,0.01
2456.0,1.4309287898570973,2.772561643143267e-06,0.01
2458.0,1.4308919000224205,2.837848722936868e-06,0.01
2460.0,1.4308549413475087,2.9049103700570164e-06,0.01
2462.0,1.430817982672597,2.971972017177165e-06,0.01
2464.0,1.4307809699470246,3.042537909520573e-06,0.01
2466.0,1.4307439323660387,3.1147152430980343e-06,0.01
2468.0,1.430706894785053,3.1868925766754953e-06,0.01
2470.0,1.4306697333998069,3.2650494119846058e-06,0.01
2472.0,1.4306325493049035,3.344303078972303e-06,0.01
2474.0,1.43059536521,3.42355674596e-06,0.01
2476.0,1.4305580328801755,3.5118823146266695e-06,0.01
2478.0,1.4305207005503509,3.6002078832933387e-06,0.01
2480.0,1.4304833555787413,3.690171184163505e-06,0.01
2482.0,1.4304459389703497,3.7894149675201437e-06,0.01
2484.0,1.430408522361958,3.888658750876783e-06,0.01
2486.0,1.4303710619785515,3.991664961561427e-06,0.01
2488.0,1.4303334944218324,4.103882632256016e-06,0.01
2490.0,1.4302959268651134,4.216100302950605e-06,0.01
2492.0,1.4302582949005749,4.334530420282923e-06,0.01
2494.0,1.4302205757960453,4.46136561247805e-06,0.01
2496.0,1.4301828566915156,4.588200804673177e-06,0.01
2498.0,1.430145089639427,4.723707031761725e-06,0.01
2500.0,1.4301072841428992,4.866165710251303e-06,0.01
2502.0,1.4300694786463715,5.008624388740881e-06,0.01
2504.0,1.430031570172565,5.162283610117151e-06,0.01
2506.0,1.4299936121171057,5.321335685475904e-06,0.01
2508.0,1.4299556540616465,5.480387760834656e-06,0.01
2510.0,1.42991757494218,5.652676668368397e-06,0.01
2512.0,1.4298794636411418,5.828484227492959e-06,0.01
2514.0,1.4298413523401037,6.00429178661752e-06,0.01
2516.0,1.4298031620324136,6.194453739787224e-06,0.01
2518.0,1.4297649629462068,6.386210625628612e-06,0.01
2520.0,1.42972676386,6.57796751147e-06,0.01
2522.0,1.4296884097877107,6.7848573381550274e-06,0.01
2524.0,1.4296500557154217,6.991747164840055e-06,0.01
2526.0,1.4296116867062716,7.1999098759031165e-06,0.01
2528.0,1.429573175403866,7.420198485514811e-06,0.01
2530.0,1.4295346641014606,7.640487095126506e-06,0.01
2532.0,1.4294961232933963,7.862833613165835e-06,0.01
2534.0,1.4294574525009434,8.094246052116078e-06,0.01
2536.0,1.4294187817084907,8.32565849106632e-06,0.01
2538.0,1.4293800845047693,8.559233721626458e-06,0.01
2540.0,1.4293413158928034,8.798656499872617e-06,0.01
2542.0,1.4293025472808376,9.038079278118774e-06,0.01
2544.0,1.4292637432139352,9.27923019667454e-06,0.01
2546.0,1.4292248718340375,9.52366207726739e-06,0.01
2548.0,1.4291860004541397,9.768093957860239e-06,0.01
2550.0,1.4291470297117546,1.001365588479056e-05,0.01
2552.0,1.429107915984327,1.0260843975962606e-05,0.01
2554.0,1.4290688022568996,1.0508032067134653e-05,0.01
2556.0,1.4290296326048386,1.0754708680741915e-05,0.01
2558.0,1.4289904011413412,1.1000819977040733e-05,0.01
2560.0,1.4289511696778439,1.1246931273339549e-05,0.01
2562.0,1.428911869973418,1.1491050531033499e-05,0.01
2564.0,1.4288725097534518,1.1733403263926906e-05,0.01
2566.0,1.4288331495334856,1.1975755996820312e-05,0.01
2568.0,1.4287936315202878,1.2215171865376146e-05,0.01
2570.0,1.4287539968773098,1.245241700811725e-05,0.01
2572.0,1.4287143622343317,1.2689662150858354e-05,0.01
2574.0,1.428674630929157,1.2922361232798463e-05,0.01
2576.0,1.4286348403794098,1.3152274019408923e-05,0.01
2578.0,1.428595049829663,1.3382186806019385e-05,0.01
2580.0,1.4285551459143866,1.3607017222053108e-05,0.01
2582.0,1.4285151822874957,1.3829170664271602e-05,0.01
2584.0,1.4284752186606051,1.4051324106490096e-05,0.01
2586.0,1.428435077731275,1.4268971317883234e-05,0.01
2588.0,1.4283948533655033,1.4484497950064441e-05,0.01
2590.0,1.4283546289997315,1.4700024582245647e-05,0.01
2592.0,1.4283142048611894,1.4912446123879914e-05,0.01
2594.0,1.4282736951057455,1.5123536912422636e-05,0.01
2596.0,1.4282331853503016,1.5334627700965356e-05,0.01
2598.0,1.4281924514336957,1.5545353008997858e-05,0.01
2600.0,1.428151628166137,1.5755932635987824e-05,0.01
2602.0,1.4281108048985784,1.596651226297779e-05,0.01
2604.0,1.4280697799004165,1.618083469868085e-05,0.01
2606.0,1.42802867838375,1.63965768204475e-05,0.01
2608.0,1.4279875768670833,1.661231894221415e-05,0.01
2610.0,1.4279462449630398,1.683806539948154e-05,0.01
2612.0,1.427904825670681,1.7067606604697487e-05,0.01
2614.0,1.4278634063783222,1.729714780991344e-05,0.01
2616.0,1.427821626288887,1.7545770016437523e-05,0.01
2618.0,1.4277797023852326,1.780199793676975e-05,0.01
2620.0,1.4277377784815781,1.8058225857101975e-05,0.01
2622.0,1.4276956040590414,1.8344162060585775e-05,0.01
2624.0,1.4276533248094545,1.864252938964364e-05,0.01
2626.0,1.4276110455598678,1.8940896718701502e-05,0.01
2628.0,1.4275683312563967,1.928475813818051e-05,0.01
2630.0,1.427525412221686,1.9650028541387112e-05,0.01
2632.0,1.4274824931869752,2.0015298944593713e-05,0.01
2634.0,1.427439184827677,2.044492847839718e-05,0.01
2636.0,1.4273956714042835,2.0908457096255486e-05,0.01
2638.0,1.4273521579808897,2.1371985714113793e-05,0.01
2640.0,1.4273081537575658,2.1925137427594706e-05,0.01
2642.0,1.4272638487213816,2.2533219425489493e-05,0.01
2644.0,1.4272195436851973,2.3141301423384283e-05,0.01
2646.0,1.427174722880754,2.3869978359162393e-05,0.01
2648.0,1.4271295285889507,2.4685982663752508e-05,0.01
2650.0,1.4270843342971475,2.5501986968342623e-05,0.01
2652.0,1.4270384977705073,2.6478771674379215e-05,0.01
2654.0,1.4269920917148609,2.7598135226981565e-05,0.01
2656.0,1.4269456856592142,2.8717498779583916e-05,0.01
2658.0,1.4268985542065904,3.005220471844729e-05,0.01
2660.0,1.4268506209994127,3.162492066317798e-05,0.01
2662.0,1.4268026877922348,3.319763660790867e-05,0.01
2664.0,1.4267538136946254,3.508604305882581e-05,0.01
2666.0,1.4267035856327361,3.742873584791398e-05,0.01
2668.0,1.4266533575708469,3.977142863700215e-05,0.01
2670.0,1.4266019217007317,4.268719604558528e-05,0.01
2672.0,1.4265481412617074,4.6715402421422624e-05,0.01
2674.0,1.4264943608226828,5.074360879725996e-05,0.01
2676.0,1.4264392296725932,5.5983650153902296e-05,0.01
2678.0,1.4263803522106806,6.458481872145487e-05,0.01
2680.0,1.4263214747487682,7.318598728900744e-05,0.01
2682.0,1.426261830474466,8.380261455764019e-05,0.01
2684.0,1.4261986929437218,0.00010360077590896757,0.01
2686.0,1.4261355554129773,0.00012339893726029494,0.01
2688.0,1.4260729042,0.0001448004629928291,0.01
2690.0,1.4260151702000001,0.0001824137841353139,0.01
2692.0,1.4259574362,0.00022002710527779866,0.01
2694.0,1.4258997022,0.0002576404264202835,0.01
2696.0,1.4258635090719647,0.00030686871908317345,0.01
2698.0,1.425827424189517,0.00035615537843712206,0.01
2700.0,1.4257913393070694,0.0004054420377910706,0.01
2702.0,1.4257775943614286,0.0004466900364331468,0.01
2704.0,1.4257666105315732,0.00048694449274004875,0.01
2706.0,1.4257556267017175,0.0005271989490469507,0.01
2708.0,1.42575125563367,0.000550899095594664,0.01
2710.0,1.4257488043996955,0.000569793152212293,0.01
2712.0,1.4257463531657213,0.0005886872088299218,0.01
2714.0,1.425740185563648,0.0005984150419823911,0.01
2716.0,1.425732060485248,0.0006033148643020708,0.01
2718.0,1.425723935406848,0.0006082146866217504,0.01
2720.0,1.4257130785851675,0.0006105176188664402,0.01
2722.0,1.4256997992741627,0.0006105176485917991,0.01
2724.0,1.4256865199631579,0.000610517678317158,0.01
2726.0,1.4256723453502549,0.0006088277560366672,0.01
2728.0,1.4256567994521656,0.000604549426253546,0.01
2730.0,1.4256412535540763,0.0006002710964704248,0.01
2732.0,1.4256247904192856,0.0005947904551524229,0.01
2734.0,1.4256056475145238,0.0005857971781736929,0.01
2736.0,1.4255865046097618,0.000576803901194963,0.01
2738.0,1.4255668478464658,0.0005675404200715307,0.01
2740.0,1.4255428110509034,0.0005559737702861106,0.01
2742.0,1.4255187742553408,0.0005444071205006906,0.01
2744.0,1.4254947374597782,0.0005328404707152705,0.01
2746.0,1.425466875840537,0.0005207879062432355,0.01
2748.0,1.4254388129147868,0.0005087097673140103,0.01
2750.0,1.4254107499890365,0.0004966316283847852,0.01
2752.0,1.4253804729211672,0.00048456291458397286,0.01
2754.0,1.4253495894322081,0.0004724967821877578,0.01
2756.0,1.4253187059432493,0.0004604306497915427,0.01
2758.0,1.4252864171952597,0.0004483035757378439,0.01
2760.0,1.4252532487322678,0.00043613835121563896,0.01
2762.0,1.4252200802692756,0.0004239731266934341,0.01
2764.0,1.425185962722088,0.0004118015038067512,0.01
2766.0,1.4251506372495604,0.0003996217375470964,0.01
2768.0,1.425115311777033,0.0003874419712874415,0.01
2770.0,1.4250794503478528,0.0003753281191650081,0.01
2772.0,1.4250420230845298,0.00036340683971798637,0.01
2774.0,1.4250045958212068,0.00035148556027096467,0.01
2776.0,1.4249670532497656,0.0003395993574580166,0.01
2778.0,1.4249278520153905,0.0003282177185352042,0.01
2780.0,1.4248886507810155,0.0003168360796123919,0.01
2782.0,1.4248494495466406,0.00030545444068957953,0.01
2784.0,1.4248089755907007,0.00029463479812619317,0.01
2786.0,1.4247683030019158,0.00028390286597728364,0.01
2788.0,1.4247276304131307,0.0002731709338283741,0.01
2790.0,1.4246860949851943,0.0002628622249192225,0.01
2792.0,1.4246441050847278,0.00025277643512108854,0.01
2794.0,1.4246021151842614,0.00024269064532295452,0.01
2796.0,1.4245596010524224,0.00023289447316368899,0.01
2798.0,1.4245164197170186,0.00022346690527207415,0.01
2800.0,1.4244732383816148,0.0002140393373804593,0.01
2802.0,1.424429830870093,0.0002047717952442258,0.01
2804.0,1.4243856214614241,0.00019607161714979858,0.01
2806.0,1.4243414120527556,0.00018737143905537138,0.01
2808.0,1.4242972026440868,0.0001786712609609442,0.01
2810.0,1.4242520227652087,0.00017076269472331398,0.01
2812.0,1.4242068330836013,0.00016286212456504537,0.01
2814.0,1.424161643401994,0.00015496155440677676,0.01
2816.0,1.424115886290031,0.0001477334871557341,0.01
2818.0,1.4240699450450385,0.00014072364932491723,0.01
2820.0,1.4240240038000462,0.00013371381149410034,0.01
2822.0,1.4239777386228616,0.00012717309095166467,0.01
2824.0,1.4239311622167077,0.00012108309094120313,0.01
2826.0,1.4238845858105538,0.00011499309093074159,0.01
2828.0,1.4238379127341718,0.00010914140871774177,0.01
2830.0,1.4237909645194478,0.0001039680156205945,0.01
2832.0,1.423744016304724,9.879462252344725e-05,0.01
2834.0,1.42369706809,9.36212294263e-05,0.01
2836.0,1.4236498489782083,8.929568382094025e-05,0.01
2838.0,1.4236026298664166,8.497013821558051e-05,0.01
2840.0,1.4235554107546249,8.064459261022077e-05,0.01
2842.0,1.4235081451170228,7.68777355510746e-05,0.01
2844.0,1.423460862704809,7.331231041675384e-05,0.01
2846.0,1.4234135802925956,6.974688528243307e-05,0.01
2848.0,1.4233662799084146,6.647768855413098e-05,0.01
2850.0,1.4233189584267074,6.35562382155029e-05,0.01
2852.0,1.423271636945,6.0634787876874835e-05,0.01
2854.0,1.4232243318681763,5.780991393929772e-05,0.01
2856.0,1.4231771015247112,5.542499916206365e-05,0.01
2858.0,1.4231298711812461,5.304008438482958e-05,0.01
2860.0,1.423082640837781,5.065516960759551e-05,0.01
2862.0,1.423035514482303,4.865565625819596e-05,0.01
2864.0,1.4229884009792728,4.670377679313546e-05,0.01
2866.0,1.4229412874762424,4.475189732807496e-05,0.01
2868.0,1.4228941619747577,4.300039987775254e-05,0.01
2870.0,1.4228470281353636,4.138815094614646e-05,0.01
2872.0,1.4227998942959696,3.9775902014540376e-05,0.01
2874.0,1.4227528137218854,3.824353223524998e-05,0.01
2876.0,1.4227058635559728,3.690672865645664e-05,0.01
2878.0,1.4226589133900602,3.5569925077663294e-05,0.01
2880.0,1.4226119632241478,3.4233121498869954e-05,0.01
2882.0,1.4225650373659338,3.310590864509511e-05,0.01
2884.0,1.422518112130994,3.198406991247461e-05,0.01
2886.0,1.4224711868960542,3.0862231179854106e-05,0.01
2888.0,1.4224242651727368,2.9853335707580743e-05,0.01
2890.0,1.4223773452990527,2.8903929433505505e-05,0.01
2892.0,1.4223304254253684,2.7954523159430264e-05,0.01
2894.0,1.4222835244006446,2.7051788922435262e-05,0.01
2896.0,1.4222366616450224,2.6243813063754608e-05,0.01
2898.0,1.4221897988894001,2.5435837205073957e-05,0.01
2900.0,1.422142936133778,2.4627861346393306e-05,0.01
2902.0,1.4220961113361583,2.3935856317537292e-05,0.01
2904.0,1.4220492867292824,2.3244434056670333e-05,0.01
2906.0,1.4220024621224066,2.2553011795803374e-05,0.01
2908.0,1.4219556065838808,2.1924242766729813e-05,0.01
2910.0,1.4219087343898509,2.13292100932373e-05,0.01
2912.0,1.421861862195821,2.0734177419744784e-05,0.01
2914.0,1.4218149716754993,2.0163532998058595e-05,0.01
2916.0,1.42176803839383,1.964979449725383e-05,0.01
2918.0,1.421721105112161,1.9136055996449063e-05,0.01
2920.0,1.4216741718304917,1.8622317495644296e-05,0.01
2922.0,1.4216273008961722,1.817495691510254e-05,0.01
2924.0,1.4215804335905342,1.7731459599761278e-05,0.01
2926.0,1.4215335662848962,1.7287962284420017e-05,0.01
2928.0,1.4214866104821515,1.6877691667546135e-05,0.01
2930.0,1.4214395892685014,1.649197991475683e-05,0.01
2932.0,1.4213925680548516,1.6106268161967527e-05,0.01
2934.0,1.421345556069424,1.573092751774537e-05,0.01
2936.0,1.4212985798714919,1.539580653845438e-05,0.01
2938.0,1.4212516036735598,1.506068555916339e-05,0.01
2940.0,1.4212046274756276,1.47255645798724e-05,0.01
2942.0,1.4211575104823633,1.4424428910436059e-05,0.01
2944.0,1.4211103625828063,1.4130753430967816e-05,0.01
2946.0,1.4210632146832496,1.3837077951499574e-05,0.01
2948.0,1.4210160786372499,1.3559149433456047e-05,0.01
2950.0,1.42096895798725,1.3301673865308996e-05,0.01
2952.0,1.42092183733725,1.3044198297161944e-05,0.01
2954.0,1.4208747125573864,1.2787766224615304e-05,0.01
2956.0,1.4208274739112776,1.2560104816480192e-05,0.01
2958.0,1.4207802352651688,1.2332443408345078e-05,0.01
2960.0,1.4207329966190603,1.2104782000209966e-05,0.01
2962.0,1.4206856780928738,1.1892969687331954e-05,0.01
2964.0,1.4206383126529911,1.1690465573255726e-05,0.01
2966.0,1.4205909472131086,1.1487961459179499e-05,0.01
2968.0,1.4205435680157896,1.1290195660153835e-05,0.01
2970.0,1.4204961400421052,1.1109229341762015e-05,0.01
2972.0,1.420448712068421,1.0928263023370193e-05,0.01
2974.0,1.4204012840947369,1.0747296704978372e-05,0.01
2976.0,1.4203538001886298,1.0580954497043441e-05,0.01
2978.0,1.420306302299417,1.0418268316722733e-05,0.01
2980.0,1.4202588044102042,1.0255582136402027e-05,0.01
2982.0,1.4202112529985735,1.009859761832965e-05,0.01
2984.0,1.4201636104541777,9.951321335977402e-06,0.01
2986.0,1.4201159679097817,9.804045053625154e-06,0.01
2988.0,1.4200683253653856,9.656768771272905e-06,0.01
2990.0,1.420020607183817,9.522112852043562e-06,0.01
2992.0,1.4199728837440493,9.388334284261265e-06,0.01
2994.0,1.4199251603042815,9.25455571647897e-06,0.01
2996.0,1.419877394600333,9.126546040460305e-06,0.01
2998.0,1.4198295849071345,9.004540721175216e-06,0.01
3000.0,1.4197817752139363,8.882535401890128e-06,0.01
3002.0,1.4197339599370087,8.760888370412905e-06,0.01
3004.0,1.419685990708685,8.649119845638333e-06,0.01
3006.0,1.4196380214803612,8.537351320863761e-06,0.01
3008.0,1.4195900522520377,8.425582796089188e-06,0.01
3010.0,1.4195419886566956,8.319089076632432e-06,0.01
3012.0,1.4194938553118182,8.216494126323628e-06,0.01
3014.0,1.419445721966941,8.113899176014823e-06,0.01
3016.0,1.4193975777681007,8.012236360272909e-06,0.01
3018.0,1.4193493457508346,7.918115360572194e-06,0.01
3020.0,1.4193011137335685,7.823994360871477e-06,0.01
3022.0,1.4192528817163022,7.729873361170762e-06,0.01
3024.0,1.419204584785122,7.640707434637908e-06,0.01
3026.0,1.4191562505412196,7.554389699768471e-06,0.01
3028.0,1.419107916297317,7.468071964899033e-06,0.01
3030.0,1.4190595662324892,7.382847788203787e-06,0.01
3032.0,1.419011126515751,7.303820441162297e-06,0.01
3034.0,1.4189626867990128,7.224793094120807e-06,0.01
3036.0,1.4189142470822746,7.145765747079317e-06,0.01
3038.0,1.4188656909418285,7.071195471942014e-06,0.01
3040.0,1.4188170734789713,6.99897281483058e-06,0.01
3042.0,1.4187684560161142,6.926750157719147e-06,0.01
3044.0,1.41871981042097,6.8555418769607434e-06,0.01
3046.0,1.4186710114594865,6.7898635834172354e-06,0.01
3048.0,1.4186222124980028,6.724185289873728e-06,0.01
3050.0,1.4185734135365193,6.658506996330221e-06,0.01
3052.0,1.4185245859241478,6.597068753441272e-06,0.01
3054.0,1.418475742884375,6.537913614750931e-06,0.01
3056.0,1.4184268998446024,6.47875847606059e-06,0.01
3058.0,1.4183780236105112,6.420396669502892e-06,0.01
3060.0,1.4183289252298295,6.367344085679028e-06,0.01
3062.0,1.4182798268491477,6.314291501855164e-06,0.01
3064.0,1.4182307284684659,6.2612389180313e-06,0.01
3066.0,1.4181816005999717,6.211932857335185e-06,0.01
3068.0,1.4181324538786138,6.165022114704353e-06,0.01
3070.0,1.418083307157256,6.118111372073519e-06,0.01
3072.0,1.4180341461891526,6.071630987491905e-06,0.01
3074.0,1.4179848095111864,6.030458352183998e-06,0.01
3076.0,1.4179354728332203,5.98928571687609e-06,0.01
3078.0,1.4178861361552542,5.948113081568183e-06,0.01
3080.0,1.4178367342294085,5.9098309076712585e-06,0.01
3082.0,1.4177872755927887,5.874061003972667e-06,0.01
3084.0,1.417737816956169,5.8382911002740744e-06,0.01
3086.0,1.4176883583195494,5.802521196575483e-06,0.01
3088.0,1.4176387092698735,5.771462992046359e-06,0.01
3090.0,1.4175890573205063,5.740476539281238e-06,0.01
3092.0,1.4175394053711392,5.7094900865161175e-06,0.01
3094.0,1.4174896998387656,5.680252122408638e-06,0.01
3096.0,1.417439923277756,5.653331922335707e-06,0.01
3098.0,1.4173901467167462,5.626411722262777e-06,0.01
3100.0,1.4173403701557363,5.599491522189845e-06,0.01
3102.0,1.4172904839527973,5.575276681998839e-06,0.01
3104.0,1.4172405806381119,5.5514840656044345e-06,0.01
3106.0,1.4171906773234266,5.527691449210029e-06,0.01
3108.0,1.4171407163503074,5.504492840906118e-06,0.01
3110.0,1.4170906142134359,5.48274852827204e-06,0.01
3112.0,1.4170405120765643,5.46100421563796e-06,0.01
3114.0,1.4169904099396928,5.439259903003882e-06,0.01
3116.0,1.4169402149315322,5.418237284247075e-06,0.01
3118.0,1.4168899819900278,5.3975094418626745e-06,0.01
3120.0,1.4168397490485236,5.376781599478274e-06,0.01
3122.0,1.4167895001683333,5.356059915697669e-06,0.01
3124.0,1.4167391344044444,5.335383395011557e-06,0.01
3126.0,1.4166887686405556,5.314706874325446e-06,0.01
3128.0,1.4166384028766665,5.294030353639334e-06,0.01
3130.0,1.4165879300560749,5.272972913216796e-06,0.01
3132.0,1.4165373584139112,5.25156385457602e-06,0.01
3134.0,1.4164867867717474,5.230154795935243e-06,0.01
3136.0,1.4164362151295837,5.208745737294467e-06,0.01
3138.0,1.4163855166444812,5.186271135348009e-06,0.01
3140.0,1.416334806376155,5.1636975485043025e-06,0.01
3142.0,1.4162840961078285,5.141123961660596e-06,0.01
3144.0,1.4162333434449654,5.118162202314139e-06,0.01
3146.0,1.4161824918615171,5.0942947071279325e-06,0.01
3148.0,1.4161316402780688,5.070427211941726e-06,0.01
3150.0,1.4160807886946205,5.046559716755519e-06,0.01
3152.0,1.4160297928355785,5.021920194853886e-06,0.01
3154.0,1.4159787275105096,4.996908956385567e-06,0.01
3156.0,1.4159276621854409,4.9718977179172485e-06,0.01
3158.0,1.415876590269272,4.946855952062298e-06,0.01
3160.0,1.415825378475316,4.921166327224385e-06,0.01
3162.0,1.41577416668136,4.895476702386472e-06,0.01
3164.0,1.415722954887404,4.869787077548559e-06,0.01
3166.0,1.4156716830877534,4.844057532630521e-06,0.01
3168.0,1.415620323131589,4.818269339693534e-06,0.01
3170.0,1.4155689631754247,4.792481146756546e-06,0.01
3172.0,1.4155176032192602,4.766692953819559e-06,0.01
3174.0,1.415466076208714,4.741269433685552e-06,0.01
3176.0,1.4154144949884677,4.715964251083639e-06,0.01
3178.0,1.4153629137682215,4.690659068481725e-06,0.01
3180.0,1.415311317376685,4.66546106715992e-06,0.01
3182.0,1.4152595844435334,4.641227697359099e-06,0.01
3184.0,1.4152078515103819,4.61699432755828e-06,0.01
3186.0,1.4151561185772306,4.592760957757459e-06,0.01
3188.0,1.4151043189428163,4.569175679922078e-06,0.01
3190.0,1.4150524326734286,4.546432176708474e-06,0.01
3192.0,1.415000546404041,4.52368867349487e-06,0.01
3194.0,1.414948660134653,4.5009451702812655e-06,0.01
3196.0,1.4148966025433696,4.479499996534782e-06,0.01
3198.0,1.4148444908504347,4.45846482156739e-06,0.01
3200.0,1.4147923791575,4.437429646599998e-06,0.01
3202.0,1.4147402549857995,4.416539659627612e-06,0.01
3204.0,1.4146879873082927,4.397319334597804e-06,0.01
3206.0,1.414635719630786,4.378099009567995e-06,0.01
3208.0,1.4145834519532792,4.358878684538186e-06,0.01
3210.0,1.4145311228504325,4.340339101840596e-06,0.01
3212.0,1.414478697672054,4.322864269970326e-06,0.01
3214.0,1.4144262724936758,4.305389438100054e-06,0.01
3216.0,1.4143738473152974,4.287914606229783e-06,0.01
3218.0,1.4143213125090837,4.271526106974366e-06,0.01
3220.0,1.4142687284497844,4.255625670198086e-06,0.01
3222.0,1.4142161443904853,4.239725233421805e-06,0.01
3224.0,1.414163560331186,4.223824796645525e-06,0.01
3226.0,1.4141107494131764,4.2092281553919374e-06,0.01
3228.0,1.414057933865397,4.194658122210241e-06,0.01
3230.0,1.4140051183176177,4.180088089028545e-06,0.01
3232.0,1.4139522598637047,4.1658146532311795e-06,0.01
3234.0,1.4138992824059864,4.1523638554620515e-06,0.01
3236.0,1.4138463049482684,4.1389130576929235e-06,0.01
3238.0,1.4137933274905503,4.125462259923796e-06,0.01
3240.0,1.4137402233394638,4.112497379842866e-06,0.01
3242.0,1.4136870112643967,4.0999464296444744e-06,0.01
3244.0,1.4136337991893297,4.087395479446083e-06,0.01
3246.0,1.4135805871142626,4.074844529247692e-06,0.01
3248.0,1.4135272979975166,4.062933780982041e-06,0.01
3250.0,1.4134739908092655,4.051173203540119e-06,0.01
3252.0,1.4134206836210146,4.039412626098196e-06,0.01
3254.0,1.4133673609411999,4.0276974016731995e-06,0.01
3256.0,1.4133138154212,4.0166345629532e-06,0.01
3258.0,1.4132602699012,4.0055717242332e-06,0.01
3260.0,1.4132067243812,3.9945088855132e-06,0.01
3262.0,1.4131531252915293,3.98368303169383e-06,0.01
3264.0,1.4130994097090825,3.973372525991702e-06,0.01
3266.0,1.4130456941266356,3.963062020289574e-06,0.01
3268.0,1.412991978544189,3.952751514587447e-06,0.01
3270.0,1.4129381279689244,3.942937243813466e-06,0.01
3272.0,1.4128841691561753,3.933520855098991e-06,0.01
3274.0,1.4128302103434263,3.924104466384516e-06,0.01
3276.0,1.4127762515306774,3.91468807767004e-06,0.01
3278.0,1.412722212230344,3.906221165942223e-06,0.01
3280.0,1.4126681515345767,3.898006646831112e-06,0.01
3282.0,1.4126140908388096,3.88979212772e-06,0.01
3284.0,1.412560027664029,3.881593618357015e-06,0.01
3286.0,1.4125057190669352,3.874980074058468e-06,0.01
3288.0,1.4124514104698414,3.868366529759921e-06,0.01
3290.0,1.4123971018727477,3.861752985461374e-06,0.01
3292.0,1.4123427373665962,3.855626705372612e-06,0.01
3294.0,1.4122881802848022,3.851178779784222e-06,0.01
3296.0,1.412233623203008,3.846730854195832e-06,0.01
3298.0,1.4121790661212137,3.842282928607441e-06,0.01
3300.0,1.412124461892076,3.839080578010171e-06,0.01
3302.0,1.4120697964255848,3.8374960432059665e-06,0.01
3304.0,1.4120151309590934,3.835911508401761e-06,0.01
3306.0,1.411960465492602,3.8343269735975565e-06,0.01
3308.0,1.411905640513307,3.835036526067165e-06,0.01
3310.0,1.4118507218518899,3.837093399634094e-06,0.01
3312.0,1.4117958031904725,3.839150273201024e-06,0.01
3314.0,1.411740884529055,3.841207146767952e-06,0.01
3316.0,1.4116858161331938,3.846926768548115e-06,0.01
3318.0,1.4116307148687959,3.853450408228743e-06,0.01
3320.0,1.411575613604398,3.859974047909372e-06,0.01
3322.0,1.41152051234,3.86649768759e-06,0.01
3324.0,1.4114652278726372,3.878275217592611e-06,0.01
3326.0,1.4114099434052743,3.890052747595223e-06,0.01
3328.0,1.4113546589379113,3.901830277597833e-06,0.01
3330.0,1.4112993430805207,3.9146124740834386e-06,0.01
3332.0,1.4112438739659374,3.9322998069271885e-06,0.01
3334.0,1.4111884048513543,3.9499871397709375e-06,0.01
3336.0,1.411132935736771,3.967674472614687e-06,0.01
3338.0,1.411077381443186,3.9874620517025995e-06,0.01
3340.0,1.4110216542104161,4.0115137671044215e-06,0.01
3342.0,1.4109659269776462,4.0355654825062435e-06,0.01
3344.0,1.4109101997448763,4.059617197908065e-06,0.01
3346.0,1.4108543821489103,4.086793223078798e-06,0.01
3348.0,1.4107984686002724,4.117286814292805e-06,0.01
3350.0,1.4107425550516342,4.147780405506813e-06,0.01
3352.0,1.410686641502996,4.17827399672082e-06,0.01
3354.0,1.410630610626921,4.212648761060742e-06,0.01
3356.0,1.410574510844256,4.249302944538102e-06,0.01
3358.0,1.4105184110615911,4.285957128015463e-06,0.01
3360.0,1.4104623112789263,4.322611311492824e-06,0.01
3362.0,1.410406067835742,4.363466215955798e-06,0.01
3364.0,1.4103497802615483,4.405611537976443e-06,0.01
3366.0,1.410293492687355,4.447756859997088e-06,0.01
3368.0,1.4102372051131613,4.489902182017733e-06,0.01
3370.0,1.410180684931933,4.53610080748088e-06,0.01
3372.0,1.4101241360015206,4.582800403032425e-06,0.01
3374.0,1.4100675870711084,4.6294999985839704e-06,0.01
3376.0,1.4100110362416711,4.676232653130977e-06,0.01
3378.0,1.4099542974087662,4.726238148228661e-06,0.01
3380.0,1.4098975585758613,4.776243643326347e-06,0.01
3382.0,1.4098408197429564,4.826249138424031e-06,0.01
3384.0,1.4097840577078462,4.8765079439472254e-06,0.01
3386.0,1.4097271255232307,4.928624359257483e-06,0.01
3388.0,1.4096701933386153,4.980740774567742e-06,0.01
3390.0,1.409613261154,5.032857189878e-06,0.01
3392.0,1.4095562860678006,5.085226190771102e-06,0.01
3394.0,1.4094991588759846,5.138490722367012e-06,0.01
3396.0,1.4094420316841687,5.191755253962922e-06,0.01
3398.0,1.4093849044923528,5.2450197855588315e-06,0.01
3400.0,1.4093277156083162,5.298487114785799e-06,0.01
3402.0,1.4092703894093366,5.352405832288346e-06,0.01
3404.0,1.409213063210357,5.406324549790893e-06,0.01
3406.0,1.4091557370113774,5.4602432672934395e-06,0.01
3408.0,1.4090983035878344,5.514512177695955e-06,0.01
3410.0,1.4090407024540765,5.569328825711243e-06,0.01
3412.0,1.4089831013203185,5.62414547372653e-06,0.01
3414.0,1.4089255001865606,5.6789621217418165e-06,0.01
3416.0,1.4088678029982593,5.734613271211051e-06,0.01
3418.0,1.4088099952955908,5.791224546009018e-06,0.01
3420.0,1.4087521875929225,5.847835820806985e-06,0.01
3422.0,1.408694379890254,5.9044470956049535e-06,0.01
3424.0,1.4086365000841772,5.9629090812709865e-06,0.01
3426.0,1.4085785563373419,6.023012263367192e-06,0.01
3428.0,1.4085206125905063,6.083115445463398e-06,0.01
3430.0,1.408462668843671,6.143218627559603e-06,0.01
3432.0,1.4084045167520254,6.206921945236413e-06,0.01
3434.0,1.40834621379,6.273232257644003e-06,0.01
3436.0,1.4082879108279747,6.339542570051594e-06,0.01
3438.0,1.4082296078659493,6.405852882459183e-06,0.01
3440.0,1.4081712165727491,6.477790969113422e-06,0.01
3442.0,1.4081127734025094,6.5530342565156935e-06,0.01
3444.0,1.40805433023227,6.628277543917965e-06,0.01
3446.0,1.4079958870620302,6.703520831320236e-06,0.01
3448.0,1.407937300344088,6.7868599666687656e-06,0.01
3450.0,1.4078786413126414,6.874277461509019e-06,0.01
3452.0,1.407819982281195,6.961694956349272e-06,0.01
3454.0,1.4077613232497483,7.049112451189526e-06,0.01
3456.0,1.4077024648386682,7.147084009127266e-06,0.01
3458.0,1.4076435168512311,7.249797247587065e-06,0.01
3460.0,1.407584568863794,7.352510486046863e-06,0.01
3462.0,1.4075256208763567,7.455223724506662e-06,0.01
3464.0,1.4074665202798244,7.570475650486045e-06,0.01
3466.0,1.4074073573499999,7.690849012212862e-06,0.01
3468.0,1.4073481944201753,7.811222373939678e-06,0.01
3470.0,1.4072890314903508,7.931595735666495e-06,0.01
3472.0,1.407229715492,8.065862823225204e-06,0.01
3474.0,1.407170339967,8.205533026385205e-06,0.01
3476.0,1.407110964442,8.345203229545205e-06,0.01
3478.0,1.4070515889169999,8.484873432705204e-06,0.01
3480.0,1.406992061386758,8.638842103332249e-06,0.01
3482.0,1.4069324747433665,8.798371289085366e-06,0.01
3484.0,1.406872888099975,8.957900474838484e-06,0.01
3486.0,1.4068133014565836,9.117429660591601e-06,0.01
3488.0,1.4067535670619153,9.290601733025953e-06,0.01
3490.0,1.4066937723181343,9.469346252132918e-06,0.01
3492.0,1.4066339775743533,9.648090771239884e-06,0.01
3494.0,1.406574182830572,9.82683529034685e-06,0.01
3496.0,1.4065142458847146,1.0017553923189044e-05,0.01
3498.0,1.4064542450509676,1.0213652230318078e-05,0.01
3500.0,1.4063942442172208,1.0409750537447111e-05,0.01
3502.0,1.4063342433834738,1.0605848844576144e-05,0.01
3504.0,1.4062740574657993,1.081161156337771e-05,0.01
3506.0,1.4062137762018587,1.1022352918495426e-05,0.01
3508.0,1.4061534949379182,1.123309427361314e-05,0.01
3510.0,1.4060932136739777,1.1443835628730857e-05,0.01
3512.0,1.4060328043789247,1.1661159146325215e-05,0.01
3514.0,1.405972318265204,1.1882431961405556e-05,0.01
3516.0,1.4059118321514834,1.2103704776485899e-05,0.01
3518.0,1.4058513460377629,1.232497759156624e-05,0.01
3520.0,1.4057907407645993,1.254977873338359e-05,0.01
3522.0,1.4057300492035636,1.2777134870424289e-05,0.01
3524.0,1.4056693576425277,1.3004491007464989e-05,0.01
3526.0,1.405608666081492,1.3231847144505689e-05,0.01
3528.0,1.4055479043811547,1.3459811255273854e-05,0.01
3530.0,1.4054870792214496,1.3688325437509731e-05,0.01
3532.0,1.4054262540617444,1.3916839619745607e-05,0.01
3534.0,1.4053654289020394,1.4145353801981482e-05,0.01
3536.0,1.4053044392928133,1.4372770216013544e-05,0.01
3538.0,1.4052432527055898,1.4598871720878399e-05,0.01
3540.0,1.4051820661183663,1.4824973225743255e-05,0.01
3542.0,1.4051208795311425,1.505107473060811e-05,0.01
3544.0,1.4050596380099143,1.5274489802814074e-05,0.01
3546.0,1.4049983087369646,1.549361356051297e-05,0.01
3548.0,1.4049369794640147,1.5712737318211865e-05,0.01
3550.0,1.4048756501910649,1.5931861075910763e-05,0.01
3552.0,1.404814253576923,1.6148190143413542e-05,0.01
3554.0,1.4047526998333333,1.6357998267125385e-05,0.01
3556.0,1.4046911460897435,1.6567806390837228e-05,0.01
3558.0,1.4046295923461538,1.677761451454907e-05,0.01
3560.0,1.404567976079,1.6985333523044988e-05,0.01
3562.0,1.4045061173424145,1.718495084082548e-05,0.01
3564.0,1.4044442586058292,1.7384568158605973e-05,0.01
3566.0,1.404382399869244,1.7584185476386463e-05,0.01
3568.0,1.4043205239205954,1.7782752540254074e-05,0.01
3570.0,1.404258501259599,1.797236743981665e-05,0.01
3572.0,1.4041964785986027,1.8161982339379225e-05,0.01
3574.0,1.4041344559376063,1.83515972389418e-05,0.01
3576.0,1.4040724332766101,1.854121213850438e-05,0.01
3578.0,1.404010091995,1.8723995529611164e-05,0.01
3580.0,1.403947747495,1.890670991558203e-05,0.01
3582.0,1.403885402995,1.9089424301552897e-05,0.01
3584.0,1.403823058495,1.9272138687523767e-05,0.01
3586.0,1.4037605584043893,1.945247224403662e-05,0.01
3588.0,1.4036980350646069,1.963245004442356e-05,0.01
3590.0,1.4036355117248247,1.9812427844810503e-05,0.01
3592.0,1.4035729883850423,1.9992405645197443e-05,0.01
3594.0,1.403510219565326,2.017539537050035e-05,0.01
3596.0,1.4034473622392392,2.0359471027915815e-05,0.01
3598.0,1.4033845049131521,2.0543546685331278e-05,0.01
3600.0,1.4033216475870653,2.072762234274674e-05,0.01
3602.0,1.4032586337449038,2.0918641802428564e-05,0.01
3604.0,1.4031955133665903,2.1114387715753872e-05,0.01
3606.0,1.403132392988277,2.131013362907918e-05,0.01
3608.0,1.4030692726099638,2.1505879542404486e-05,0.01
3610.0,1.4030060346739663,2.1710637489846183e-05,0.01
3612.0,1.4029426501210818,2.192663516523078e-05,0.01
3614.0,1.4028792655681972,2.2142632840615383e-05,0.01
3616.0,1.4028158810153126,2.235863051599998e-05,0.01
3618.0,1.4027524220306475,2.2582849392205004e-05,0.01
3620.0,1.402688776313621,2.282769338625777e-05,0.01
3622.0,1.4026251305965947,2.3072537380310537e-05,0.01
3624.0,1.4025614848795682,2.3317381374363304e-05,0.01
3626.0,1.4024978094137799,2.3566429007692707e-05,0.01
3628.0,1.402433905011866,2.3847826386759703e-05,0.01
3630.0,1.402370000609952,2.41292237658267e-05,0.01
3632.0,1.4023060962080383,2.4410621144893697e-05,0.01
3634.0,1.4022421918061243,2.4692018523960693e-05,0.01
3636.0,1.4021779810798924,2.5013450959104344e-05,0.01
3638.0,1.402113749058387,2.5337666579964547e-05,0.01
3640.0,1.4020495170368816,2.5661882200824746e-05,0.01
3642.0,1.4019852850153762,2.5986097821684948e-05,0.01
3644.0,1.401920930435,2.634422300125714e-05,0.01
3646.0,1.4018565350016667,2.6713651367066658e-05,0.01
3648.0,1.4017921395683333,2.7083079732876176e-05,0.01
3650.0,1.401727744135,2.7452508098685698e-05,0.01
3652.0,1.4016632213961757,2.7846878939574325e-05,0.01
3654.0,1.4015985944983136,2.8261657260073135e-05,0.01
3656.0,1.4015339676004512,2.867643558057194e-05,0.01
3658.0,1.401469340702589,2.909121390107075e-05,0.01
3660.0,1.4014046129134163,2.9520201862243618e-05,0.01
3662.0,1.4013396892764058,2.9976773243548488e-05,0.01
3664.0,1.4012747656393951,3.0433344624853362e-05,0.01
3666.0,1.4012098420023844,3.0889916006158235e-05,0.01
3668.0,1.401144901714799,3.135057460421785e-05,0.01
3670.0,1.4010798448731916,3.183984371956063e-05,0.01
3672.0,1.401014788031584,3.232911283490342e-05,0.01
3674.0,1.4009497311899763,3.281838195024621e-05,0.01
3676.0,1.4008846743483687,3.3307651065589e-05,0.01
3678.0,1.400819366687863,3.3816838424512966e-05,0.01
3680.0,1.4007540296016765,3.4328362560616845e-05,0.01
3682.0,1.40068869251549,3.483988669672072e-05,0.01
3684.0,1.4006233554293035,3.535141083282461e-05,0.01
3686.0,1.4005578864132155,3.586771853493882e-05,0.01
3688.0,1.400492349433239,3.6386490498331086e-05,0.01
3690.0,1.4004268124532626,3.6905262461723355e-05,0.01
3692.0,1.4003612754732864,3.7424034425115624e-05,0.01
3694.0,1.4002956877848591,3.7938861828388346e-05,0.01
3696.0,1.4002300286158451,3.844812882763715e-05,0.01
3698.0,1.4001643694468309,3.895739582688595e-05,0.01
3700.0,1.4000987102778168,3.946666282613475e-05,0.01
3702.0,1.4000330075382064,3.997207905124407e-05,0.01
3704.0,1.3999670672685698,4.045650234636715e-05,0.01
3706.0,1.3999011269989332,4.094092564149023e-05,0.01
3708.0,1.3998351867292966,4.142534893661332e-05,0.01
3710.0,1.39976924645966,4.19097722317364e-05,0.01
3712.0,1.3997031155702808,4.235777957638943e-05,0.01
3714.0,1.3996369611211579,4.280128607323155e-05,0.01
3716.0,1.3995708066720352,4.3244792570073666e-05,0.01
3718.0,1.3995046522229122,4.368829906691579e-05,0.01
3720.0,1.3994384052308741,4.4098342825758745e-05,0.01
3722.0,1.3993721003054662,4.448743836650467e-05,0.01
3724.0,1.3993057953800583,4.487653390725059e-05,0.01
3726.0,1.3992394904546503,4.5265629447996514e-05,0.01
3728.0,1.399173080861432,4.563426124337487e-05,0.01
3730.0,1.3991064538812223,4.596039141375905e-05,0.01
3732.0,1.399039826901013,4.628652158414323e-05,0.01
3734.0,1.3989731999208033,4.661265175452741e-05,0.01
3736.0,1.3989065650161325,4.693672614833315e-05,0.01
3738.0,1.3988396738872126,4.7194330432769846e-05,0.01
3740.0,1.3987727827582928,4.7451934717206546e-05,0.01
3742.0,1.3987058916293729,4.7709539001643245e-05,0.01
3744.0,1.398639000500453,4.7967143286079945e-05,0.01
3746.0,1.3985719048545424,4.8174758535213695e-05,0.01
3748.0,1.3985047316332213,4.836341242612911e-05,0.01
3750.0,1.3984375584119004,4.855206631704451e-05,0.01
3752.0,1.3983703851905793,4.8740720207959925e-05,0.01
3754.0,1.3983031204311547,4.890272833221872e-05,0.01
3756.0,1.3982357239461662,4.902639254836191e-05,0.01
3758.0,1.3981683274611778,4.915005676450509e-05,0.01
3760.0,1.3981009309761894,4.9273720980648285e-05,0.01
3762.0,1.3980335027789503,4.9392851449372214e-05,0.01
3764.0,1.3979657098908305,4.945984382277475e-05,0.01
3766.0,1.3978979170027106,4.952683619617728e-05,0.01
3768.0,1.3978301241145905,4.959382856957982e-05,0.01
3770.0,1.3977623312264706,4.966082094298236e-05,0.01
3772.0,1.3976942917371578,4.9693683664777215e-05,0.01
3774.0,1.397626167840725,4.971486442528354e-05,0.01
3776.0,1.3975580439442923,4.9736045185789876e-05,0.01
3778.0,1.3974899200478597,4.97572259462962e-05,0.01
3780.0,1.3974216600429505,4.9765197919569e-05,0.01
3782.0,1.3973531958753271,4.9753356711991504e-05,0.01
3784.0,1.3972847317077037,4.974151550441401e-05,0.01
3786.0,1.3972162675400803,4.972967429683651e-05,0.01
3788.0,1.397147787763196,4.971694612518145e-05,0.01
3790.0,1.3970789767231042,4.968539460476908e-05,0.01
3792.0,1.3970101656830125,4.96538430843567e-05,0.01
3794.0,1.396941354642921,4.962229156394433e-05,0.01
3796.0,1.3968725436028293,4.959074004353195e-05,0.01
3798.0,1.3968035499090867,4.955440803312146e-05,0.01
3800.0,1.396734470260685,4.95158263803589e-05,0.01
3802.0,1.396665390612283,4.947724472759635e-05,0.01
3804.0,1.3965963109638813,4.943866307483379e-05,0.01
3806.0,1.3965271032861688,4.940123260545987e-05,0.01
3808.0,1.3964575968733979,4.936648823065941e-05,0.01
3810.0,1.3963880904606272,4.933174385585895e-05,0.01
3812.0,1.3963185840478562,4.9296999481058495e-05,0.01
3814.0,1.3962490776350855,4.9262255106258035e-05,0.01
3816.0,1.3961792573354947,4.9238887421233786e-05,0.01
3818.0,1.3961094078770193,4.921657658717235e-05,0.01
3820.0,1.3960395584185437,4.919426575311092e-05,0.01
3822.0,1.3959697089600682,4.917195491904949e-05,0.01
3824.0,1.395899682942951,4.915910254869863e-05,0.01
3826.0,1.3958294939486267,4.9154981067926785e-05,0.01
3828.0,1.395759304954302,4.9150859587154937e-05,0.01
3830.0,1.3956891159599774,4.914673810638308e-05,0.01
3832.0,1.3956188978572512,4.914503968690339e-05,0.01
3834.0,1.3955484557463915,4.916198830432421e-05,0.01
3836.0,1.3954780136355316,4.9178936921745024e-05,0.01
3838.0,1.3954075715246719,4.919588553916584e-05,0.01
3840.0,1.3953371294138122,4.9212834156586655e-05,0.01
3842.0,1.395266402064045,4.924465150666238e-05,0.01
3844.0,1.3951955495374915,4.928299398401831e-05,0.01
3846.0,1.3951246970109379,4.932133646137424e-05,0.01
3848.0,1.395053844484384,4.9359678938730174e-05,0.01
3850.0,1.3949829039905073,4.9403293262721535e-05,0.01
3852.0,1.3949117256590529,4.946116109798647e-05,0.01
3854.0,1.3948405473275987,4.951902893325141e-05,0.01
3856.0,1.3947693689961442,4.9576896768516346e-05,0.01
3858.0,1.3946981906646898,4.963476460378128e-05,0.01
3860.0,1.394626806787191,4.970607588561955e-05,0.01
3862.0,1.394555382292809,4.978004365690045e-05,0.01
3864.0,1.394483957798427,4.9854011428181346e-05,0.01
3866.0,1.394412533304045,4.992797919946225e-05,0.01
3868.0,1.3943409524990122,5.000662507365062e-05,0.01
3870.0,1.3942691220029404,5.0092743761574296e-05,0.01
3872.0,1.3941972915068688,5.017886244949798e-05,0.01
3874.0,1.394125461010797,5.0264981137421665e-05,0.01
3876.0,1.394053630514725,5.035109982534534e-05,0.01
3878.0,1.3939815698420805,5.044446694019329e-05,0.01
3880.0,1.3939094918443178,5.0538379635562424e-05,0.01
3882.0,1.3938374138465548,5.063229233093155e-05,0.01
3884.0,1.393765335848792,5.0726205026300674e-05,0.01
3886.0,1.3936931043044642,5.0822107461326346e-05,0.01
3888.0,1.3936206925098216,5.092034567768795e-05,0.01
3890.0,1.3935482807151787,5.101858389404956e-05,0.01
3892.0,1.3934758689205358,5.111682211041116e-05,0.01
3894.0,1.3934034571258929,5.121506032677277e-05,0.01
3896.0,1.3933306331213935,5.131526195740591e-05,0.01
3898.0,1.3932578007044483,5.141550365771806e-05,0.01
3900.0,1.3931849682875028,5.1515745358030204e-05,0.01
3902.0,1.3931121358705574,5.1615987058342355e-05,0.01
3904.0,1.3930391715719999,5.171665269862099e-05,0.01
3906.0,1.3929660727275555,5.1817750843309885e-05,0.01
3908.0,1.392892973883111,5.191884898799878e-05,0.01
3910.0,1.3928198750386667,5.201994713268767e-05,0.01
3912.0,1.3927467761942223,5.212104527737657e-05,0.01
3914.0,1.3926733242612195,5.222389443101952e-05,0.01
3916.0,1.3925998705539024,5.232675238370244e-05,0.01
3918.0,1.3925264168465854,5.242961033638536e-05,0.01
3920.0,1.3924529631392684,5.253246828906829e-05,0.01
3922.0,1.3923793339517698,5.263741041942587e-05,0.01
3924.0,1.392305518429646,5.274456564566481e-05,0.01
3926.0,1.392231702907522,5.285172087190375e-05,0.01
3928.0,1.3921578873853981,5.2958876098142685e-05,0.01
3930.0,1.3920840718632743,5.306603132438162e-05,0.01
3932.0,1.3920098982377924,5.318133722118156e-05,0.01
3934.0,1.3919357116241058,5.3296938738157276e-05,0.01
3936.0,1.3918615250104194,5.341254025513299e-05,0.01
3938.0,1.3917873383967327,5.3528141772108714e-05,0.01
3940.0,1.3917129883980175,5.364980330699977e-05,0.01
3942.0,1.3916384261865637,5.377933589964295e-05,0.01
3944.0,1.39156386397511,5.390886849228612e-05,0.01
3946.0,1.3914893017636563,5.403840108492929e-05,0.01
3948.0,1.3914147395522025,5.416793367757246e-05,0.01
3950.0,1.3913398367592418,5.4315696125194615e-05,0.01
3952.0,1.3912648940097911,5.4465597270886924e-05,0.01
3954.0,1.3911899512603407,5.4615498416579233e-05,0.01
3956.0,1.39111500851089,5.476539956227154e-05,0.01
3958.0,1.3910399333092434,5.492472224869573e-05,0.01
3960.0,1.3909646066403838,5.510193220810363e-05,0.01
3962.0,1.390889279971524,5.5279142167511525e-05,0.01
3964.0,1.3908139533026644,5.5456352126919425e-05,0.01
3966.0,1.3907386266338049,5.563356208632732e-05,0.01
3968.0,1.3906629982254923,5.583768259363339e-05,0.01
3970.0,1.390587287175164,5.604917350577781e-05,0.01
3972.0,1.390511576124836,5.626066441792224e-05,0.01
3974.0,1.3904358650745077,5.647215533006666e-05,0.01
3976.0,1.3903600888993783,5.669236738897703e-05,0.01
3978.0,1.390284074942999,5.69444217744514e-05,0.01
3980.0,1.3902080609866194,5.719647615992577e-05,0.01
3982.0,1.3901320470302398,5.744853054540014e-05,0.01
3984.0,1.3900560330738603,5.770058493087451e-05,0.01
3986.0,1.389979724895098,5.79821702184314e-05,0.01
3988.0,1.3899032439190633,5.828109905165579e-05,0.01
3990.0,1.3898267629430283,5.858002788488018e-05,0.01
3992.0,1.3897502819669936,5.8878956718104574e-05,0.01
3994.0,1.3896737891198154,5.917992124950922e-05,0.01
3996.0,1.389597011365201,5.952974253723996e-05,0.01
3998.0,1.3895202336105863,5.98795638249707e-05,0.01
4000.0,1.3894434558559716,6.022938511270145e-05,0.01
4002.0,1.3893666781013572,6.057920640043219e-05,0.01
4004.0,1.3892897358571288,6.095278480412368e-05,0.01
4006.0,1.3892125799654713,6.135722015153428e-05,0.01
4008.0,1.3891354240738136,6.176165549894487e-05,0.01
4010.0,1.389058268182156,6.216609084635546e-05,0.01
4012.0,1.3889811122904983,6.257052619376607e-05,0.01
4014.0,1.388903650085654,6.302141197396959e-05,0.01
4016.0,1.3888261206413297,6.348249419063987e-05,0.01
4018.0,1.3887485911970054,6.394357640731013e-05,0.01
4020.0,1.388671061752681,6.44046586239804e-05,0.01
4022.0,1.3885934602931715,6.487691303855273e-05,0.01
4024.0,1.388515561540205,6.539528857779762e-05,0.01
4026.0,1.3884376627872383,6.591366411704253e-05,0.01
4028.0,1.3883597640342717,6.643203965628743e-05,0.01
4030.0,1.3882818652813051,6.695041519553233e-05,0.01
4032.0,1.3882037613618836,6.750046304918934e-05,0.01
4034.0,1.3881254962402476,6.807539629274154e-05,0.01
4036.0,1.3880472311186114,6.865032953629375e-05,0.01
4038.0,1.3879689659969752,6.922526277984595e-05,0.01
4040.0,1.387890700875339,6.980019602339816e-05,0.01
4042.0,1.3878121833308905,7.042431151040214e-05,0.01
4044.0,1.3877336423373283,7.105299583969397e-05,0.01
4046.0,1.387655101343766,7.168168016898581e-05,0.01
4048.0,1.3875765603502037,7.231036449827765e-05,0.01
4050.0,1.3874979064195176,7.295218341066277e-05,0.01
4052.0,1.3874189225352733,7.363237590894788e-05,0.01
4054.0,1.3873399386510288,7.431256840723299e-05,0.01
4056.0,1.3872609547667845,7.49927609055181e-05,0.01
4058.0,1.3871819708825401,7.56729534038032e-05,0.01
4060.0,1.3871028282628632,7.637961835234027e-05,0.01
4062.0,1.3870235753355127,7.710467941037445e-05,0.01
4064.0,1.3869443224081623,7.782974046840862e-05,0.01
4066.0,1.386865069480812,7.85548015264428e-05,0.01
4068.0,1.3867858165534614,7.927986258447697e-05,0.01
4070.0,1.3867062442567164,8.004008858973886e-05,0.01
4072.0,1.386626640373987,8.080379244692434e-05,0.01
4074.0,1.386547036491258,8.156749630410984e-05,0.01
4076.0,1.3864674326085287,8.233120016129533e-05,0.01
4078.0,1.3863877517346384,8.310145022656298e-05,0.01
4080.0,1.386307797892085,8.389490957503102e-05,0.01
4082.0,1.386227844049532,8.468836892349906e-05,0.01
4084.0,1.3861478902069788,8.54818282719671e-05,0.01
4086.0,1.3860679363644255,8.627528762043516e-05,0.01
4088.0,1.3859877998968153,8.707856524484971e-05,0.01
4090.0,1.3859074948522292,8.789090589321493e-05,0.01
4092.0,1.3858271898076433,8.870324654158014e-05,0.01
4094.0,1.3857468847630572,8.951558718994535e-05,0.01
4096.0,1.3856665797184713,9.032792783831057e-05,0.01
4098.0,1.3855859898577119,9.114528018111036e-05,0.01
4100.0,1.3855053331882203,9.196380810655532e-05,0.01
4102.0,1.3854246765187288,9.278233603200026e-05,0.01
4104.0,1.3853440198492373,9.360086395744522e-05,0.01
4106.0,1.3852633307648414,9.441868707694978e-05,0.01
4108.0,1.3851823139297463,9.522938382527952e-05,0.01
4110.0,1.385101297094651,9.604008057360925e-05,0.01
4112.0,1.385020280259556,9.685077732193898e-05,0.01
4114.0,1.3849392634244608,9.76614740702687e-05,0.01
4116.0,1.3848581438571654,9.84638510545671e-05,0.01
4118.0,1.3847768416548472,9.925143734725424e-05,0.01
4120.0,1.3846955394525289,0.00010003902363994137,0.01
4122.0,1.3846142372502108,0.0001008266099326285,0.01
4124.0,1.3845329350478925,0.00010161419622531564,0.01
4126.0,1.3844513959731861,0.00010237975737210107,0.01
4128.0,1.384369708612513,0.0001031315304194196,0.01
4130.0,1.3842880212518403,0.00010388330346673812,0.01
4132.0,1.3842063338911672,0.00010463507651405664,0.01
4134.0,1.3841246465304942,0.00010538684956137516,0.01
4136.0,1.3840426086947535,0.00010609832943523589,0.01
4138.0,1.3839605138049318,0.00010680324995527787,0.01
4140.0,1.38387841891511,0.00010750817047531987,0.01
4142.0,1.3837963240252886,0.00010821309099536186,0.01
4144.0,1.3837141880767434,0.00010891292504495694,0.01
4146.0,1.3836316609898325,0.0001095643037708208,0.01
4148.0,1.3835491339029216,0.00011021568249668466,0.01
4150.0,1.3834666068160104,0.00011086706122254852,0.01
4152.0,1.3833840797290995,0.00011151843994841238,0.01
4154.0,1.3833014325878288,0.00011215231023797479,0.01
4156.0,1.3832185303310438,0.00011274897510039656,0.01
4158.0,1.3831356280742588,0.00011334563996281834,0.01
4160.0,1.3830527258174738,0.00011394230482524011,0.01
4162.0,1.3829698235606889,0.00011453896968766188,0.01
4164.0,1.382886614133952,0.00011511104594448081,0.01
4166.0,1.38280313231122,0.00011566131721142553,0.01
4168.0,1.382719650488488,0.00011621158847837027,0.01
4170.0,1.382636168665756,0.000116761859745315,0.01
4172.0,1.382552686843024,0.00011731213101225972,0.01
4174.0,1.3824688862117256,0.00011783891362993354,0.01
4176.0,1.382384970635842,0.00011835722755093147,0.01
4178.0,1.3823010550599586,0.0001188755414719294,0.01
4180.0,1.382217139484075,0.00011939385539292732,0.01
4182.0,1.3821332239081914,0.00011991216931392525,0.01
4184.0,1.3820487993281743,0.00012042384294218058,0.01
4186.0,1.381964333477552,0.00012093497816832164,0.01
4188.0,1.3818798676269295,0.0001214461133944627,0.01
4190.0,1.381795401776307,0.00012195724862060377,0.01
4192.0,1.3817108852960909,0.00012247093213462669,0.01
4194.0,1.3816259372588624,0.0001230063367691665,0.01
4196.0,1.381540989221634,0.00012354174140370632,0.01
4198.0,1.3814560411844052,0.00012407714603824614,0.01
4200.0,1.3813710931471768,0.00012461255067278593,0.01
4202.0,1.3812859644264048,0.00012516507499013015,0.01
4204.0,1.3812003471908678,0.0001257638858572789,0.01
4206.0,1.3811147299553306,0.00012636269672442764,0.01
4208.0,1.3810291127197933,0.0001269615075915764,0.01
4210.0,1.380943495484256,0.00012756031845872513,0.01
4212.0,1.3808576658082183,0.00012820366671395148,0.01
4214.0,1.3807715545250052,0.00012890605290221102,0.01
4216.0,1.380685443241792,0.00012960843909047052,0.01
4218.0,1.3805993319585788,0.00013031082527873006,0.01
4220.0,1.3805132206753656,0.00013101321146698956,0.01
4222.0,1.3804267800859096,0.00013179943189162987,0.01
4224.0,1.3803400960961871,0.00013264761675185603,0.01
4226.0,1.3802534121064647,0.00013349580161208216,0.01
4228.0,1.380166728116742,0.0001343439864723083,0.01
4230.0,1.3800800441270196,0.00013519217133253447,0.01
4232.0,1.3799929699125435,0.00013617105580179697,0.01
4234.0,1.3799057363104923,0.00013720332461841236,0.01
4236.0,1.379818502708441,0.00013823559343502774,0.01
4238.0,1.3797312691063899,0.00013926786225164313,0.01
4240.0,1.3796440355043385,0.0001403001310682585,0.01
4242.0,1.3795564465720553,0.00014151133558417892,0.01
4244.0,1.379468787424816,0.000142757898651459,0.01
4246.0,1.3793811282775768,0.00014400446171873907,0.01
4248.0,1.3792934691303376,0.00014525102478601915,0.01
4250.0,1.3792058099830982,0.00014649758785329923,0.01
4252.0,1.3791176192739838,0.00014796947099684547,0.01
4254.0,1.3790293976274055,0.00014945446800726438,0.01
4256.0,1.3789411759808274,0.00015093946501768332,0.01
4258.0,1.3788529543342494,0.00015242446202810226,0.01
4260.0,1.3787647159348677,0.00015392169170394735,0.01
4262.0,1.3786761592322199,0.00015565134202288818,0.01
4264.0,1.3785876025295722,0.000157380992341829,0.01
4266.0,1.3784990458269246,0.00015911064266076986,0.01
4268.0,1.378410489124277,0.00016084029297971068,0.01
4270.0,1.3783218930095837,0.00016260347967577847,0.01
4272.0,1.378233054792325,0.00016457267554562628,0.01
4274.0,1.378144216575066,0.0001665418714154741,0.01
4276.0,1.3780553783578071,0.0001685110672853219,0.01
4278.0,1.377966540140548,0.00017048026315516973,0.01
4280.0,1.3778776133141177,0.00017249772300894552,0.01
4282.0,1.3777883629611765,0.00017469140252496972,0.01
4284.0,1.3776991126082354,0.00017688508204099395,0.01
4286.0,1.3776098622552941,0.00017907876155701815,0.01
4288.0,1.377520611902353,0.00018127244107304236,0.01
4290.0,1.3774313088526695,0.0001835194121769198,0.01
4292.0,1.3773418735988778,0.00018590007972049932,0.01
4294.0,1.377252438345086,0.00018828074726407883,0.01
4296.0,1.3771630030912942,0.00019066141480765834,0.01
4298.0,1.3770735678375026,0.00019304208235123785,0.01
4300.0,1.3769840526320787,0.0001954715372972697,0.01
4302.0,1.376894382226428,0.00019799569720100314,0.01
4304.0,1.376804711820777,0.00020051985710473655,0.01
4306.0,1.3767150414151261,0.00020304401700846995,0.01
4308.0,1.3766253710094751,0.00020556817691220336,0.01
4310.0,1.3765356542330986,0.0002081249059053797,0.01
4312.0,1.376445863384004,0.0002107336608466273,0.01
4314.0,1.3763560725349093,0.00021334241578787488,0.01
4316.0,1.3762662816858149,0.00021595117072912247,0.01
4318.0,1.3761764908367202,0.00021855992567037006,0.01
4320.0,1.376086582382402,0.0002211793605847567,0.01
4322.0,1.375996508147226,0.00022381385040103814,0.01
4324.0,1.3759064339120504,0.00022644834021731962,0.01
4326.0,1.3758163596768744,0.00022908283003360107,0.01
4328.0,1.3757262854416985,0.00023171731984988252,0.01
4330.0,1.375636164848998,0.0002343305413484911,0.01
4332.0,1.3755459852558116,0.00023691669407915227,0.01
4334.0,1.3754558056626252,0.00023950284680981346,0.01
4336.0,1.375365626069439,0.00024208899954047467,0.01
4338.0,1.3752754464762524,0.0002446751522711359,0.01
4340.0,1.3751851733493,0.00024720914803670954,0.01
4342.0,1.3750947859033,0.0002496793964005095,0.01
4344.0,1.3750043984573,0.00025214964476430956,0.01
4346.0,1.3749140110113,0.00025461989312810954,0.01
4348.0,1.3748236235653,0.00025709014149190957,0.01
4350.0,1.3747331684148656,0.00025947646531948717,0.01
4352.0,1.3746426305145663,0.000261760214713904,0.01
4354.0,1.3745520926142671,0.0002640439641083208,0.01
4356.0,1.374461554713968,0.00026632771350273754,0.01
4358.0,1.374371016813669,0.00026861146289715434,0.01
4360.0,1.3742803549092835,0.0002707876814881073,0.01
4362.0,1.3741895319421193,0.00027282423363318194,0.01
4364.0,1.3740987089749552,0.0002748607857782565,0.01
4366.0,1.3740078860077911,0.0002768973379233311,0.01
4368.0,1.373917063040627,0.0002789338900684057,0.01
4370.0,1.3738260997972493,0.00028084647630726887,0.01
4372.0,1.3737349346929792,0.00028258067258353503,0.01
4374.0,1.3736437695887092,0.00028431486885980125,0.01
4376.0,1.373552604484439,0.0002860490651360674,0.01
4378.0,1.373461439380169,0.0002877832614123336,0.01
4380.0,1.3733701534870297,0.0002893868361238366,0.01
4382.0,1.373278666279109,0.0002907727082274009,0.01
4384.0,1.3731871790711883,0.00029215858033096524,0.01
4386.0,1.3730956918632675,0.00029354445243452953,0.01
4388.0,1.3730042046553466,0.0002949303245380938,0.01
4390.0,1.372912528021998,0.0002961935065027278,0.01
4392.0,1.3728204579666075,0.00029720187048650626,0.01
4394.0,1.3727283879112167,0.00029821023447028475,0.01
4396.0,1.372636317855826,0.0002992185984540632,0.01
4398.0,1.3725442478004353,0.00030022696243784167,0.01
4400.0,1.372452071648138,0.0003011279260320512,0.01
4402.0,1.3723596086412415,0.00030173851079520395,0.01
4404.0,1.372267145634345,0.0003023490955583567,0.01
4406.0,1.3721746826274483,0.0003029596803215094,0.01
4408.0,1.3720822196205518,0.00030357026508466214,0.01
4410.0,1.3719896092617914,0.00030410323287392323,0.01
4412.0,1.3718963906043111,0.00030431578187352956,0.01
4414.0,1.3718031719468307,0.00030452833087313584,0.01
4416.0,1.3717099532893504,0.00030474087987274217,0.01
4418.0,1.3716167346318702,0.00030495342887234845,0.01
4420.0,1.3715234401154661,0.0003051216636797968,0.01
4422.0,1.3714295618151717,0.00030494887187803037,0.01
4424.0,1.3713356835148773,0.00030477608007626396,0.01
4426.0,1.371241805214583,0.00030460328827449756,0.01
4428.0,1.3711479269142886,0.0003044304964727311,0.01
4430.0,1.3710540318889912,0.00030425056984189914,0.01
4432.0,1.3709593173385504,0.0003037210365868551,0.01
4434.0,1.3708646027881097,0.000303191503331811,0.01
4436.0,1.3707698882376689,0.00030266197007676693,0.01
4438.0,1.3706751736872282,0.0003021324368217229,0.01
4440.0,1.3705804591367874,0.00030160290356667877,0.01
4442.0,1.370484993074375,0.00030078677321633985,0.01
4444.0,1.370389457199375,0.0002999440190921211,0.01
4446.0,1.370293921324375,0.00029910126496790235,0.01
4448.0,1.3701983854493751,0.0002982585108436836,0.01
4450.0,1.370102849574375,0.0002974157567194648,0.01
4452.0,1.3700065293239767,0.00029636754401815785,0.01
4454.0,1.3699100068132555,0.00029526635143219295,0.01
4456.0,1.3698134843025342,0.00029416515884622804,0.01
4458.0,1.3697169617918128,0.00029306396626026314,0.01
4460.0,1.3696204392810916,0.0002919627736742983,0.01
4462.0,1.3695232245280253,0.00029073337630472956,0.01
4464.0,1.3694256610513715,0.0002894393945704883,0.01
4466.0,1.369328097574718,0.000288145412836247,0.01
4468.0,1.3692305340980642,0.00028685143110200573,0.01
4470.0,1.3691329706214106,0.0002855574493677645,0.01
4472.0,1.369034886041484,0.0002842013605914102,0.01
4474.0,1.3689363299871677,0.00028278907972933455,0.01
4476.0,1.3688377739328517,0.000281376798867259,0.01
4478.0,1.3687392178785354,0.00027996451800518335,0.01
4480.0,1.3686406618242193,0.0002785522371431078,0.01
4482.0,1.368541692991065,0.0002771242657038995,0.01
4484.0,1.3684420213182673,0.00027566957787660034,0.01
4486.0,1.3683423496454696,0.0002742148900493012,0.01
4488.0,1.368242677972672,0.00027276020222200204,0.01
4490.0,1.3681430062998743,0.00027130551439470295,0.01
4492.0,1.3680431025301063,0.00026985803573305133,0.01
4494.0,1.3679422986769663,0.0002684385145674475,0.01
4496.0,1.3678414948238262,0.0002670189934018437,0.01
4498.0,1.367740690970686,0.00026559947223623985,0.01
4500.0,1.367639887117546,0.00026417995107063606,0.01
4502.0,1.3675390523034683,0.0002627637488115668,0.01
4504.0,1.3674372164190751,0.0002614548578637825,0.01
4506.0,1.3673353805346822,0.0002601459669159982,0.01
4508.0,1.367233544650289,0.00025883707596821386,0.01
4510.0,1.3671317087658958,0.00025752818502042956,0.01
4512.0,1.367029872881503,0.00025621929407264527,0.01
4514.0,1.3669270979366923,0.00025505855318703054,0.01
4516.0,1.3668241441232307,0.0002539260313608767,0.01
4518.0,1.3667211903097691,0.0002527935095347228,0.01
4520.0,1.3666182364963078,0.0002516609877085689,0.01
4522.0,1.3665152826828462,0.00025052846588241503,0.01
4524.0,1.3664116925004122,0.0002495457571810956,0.01
4526.0,1.3663077443604315,0.00024864731836249544,0.01
4528.0,1.3662037962204505,0.0002477488795438953,0.01
4530.0,1.3660998480804698,0.0002468504407252951,0.01
4532.0,1.3659958999404889,0.00024595200190669493,0.01
4534.0,1.3658915010525359,0.00024517129528325827,0.01
4536.0,1.3657864923290908,0.0002445498733944544,0.01
4538.0,1.365681483605646,0.00024392845150565058,0.01
4540.0,1.3655764748822008,0.00024330702961684674,0.01
4542.0,1.365471466158756,0.0002426856077280429,0.01
4544.0,1.3653662519035912,0.00024212552527824157,0.01
4546.0,1.3652602155215472,0.00024181080058444983,0.01
4548.0,1.3651541791395032,0.00024149607589065805,0.01
4550.0,1.3650481427574594,0.0002411813511968663,0.01
4552.0,1.3649421063754155,0.00024086662650307455,0.01
4554.0,1.3648360699933715,0.0002405519018092828,0.01
4556.0,1.3647291723250667,0.0002405475421597343,0.01
4558.0,1.3646222434184,0.00024055443927344856,0.01
4560.0,1.3645153145117335,0.00024056133638716287,0.01
4562.0,1.3644083856050666,0.00024056823350087714,0.01
4564.0,1.3643014566984,0.00024057513061459141,0.01
4566.0,1.364193837315019,0.00024081251575710648,0.01
4568.0,1.364085942706654,0.00024114177375026238,0.01
4570.0,1.363978048098289,0.00024147103174341824,0.01
4572.0,1.3638701534899238,0.00024180028973657414,0.01
4574.0,1.3637622588815588,0.00024212954772973,0.01
4576.0,1.363653979324142,0.00024260032049456962,0.01
4578.0,1.363545238673905,0.00024324059996395355,0.01
4580.0,1.3634364980236682,0.0002438808794333375,0.01
4582.0,1.3633277573734313,0.0002445211589027214,0.01
4584.0,1.3632190167231941,0.00024516143837210536,0.01
4586.0,1.3631101058841153,0.0002458542914190854,0.01
4588.0,1.363000419740312,0.0002467866463195584,0.01
4590.0,1.3628907335965088,0.0002477190012200314,0.01
4592.0,1.3627810474527058,0.00024865135612050436,0.01
4594.0,1.3626713613089025,0.00024958371102097734,0.01
4596.0,1.3625616751650993,0.0002505160659214503,0.01
4598.0,1.3624512242627358,0.00025168760619008864,0.01
4600.0,1.3623406836400942,0.00025288720731197535,0.01
4602.0,1.3622301430174528,0.0002540868084338621,0.01
4604.0,1.3621196023948112,0.0002552864095557489,0.01
4606.0,1.3620090617721698,0.00025648601067763564,0.01
4608.0,1.3618979334414971,0.00025783119830338584,0.01
4610.0,1.3617864050742656,0.00025927548262504323,0.01
4612.0,1.361674876707034,0.0002607197669467006,0.01
4614.0,1.3615633483398022,0.000262164051268358,0.01
4616.0,1.3614518199725705,0.0002636083355900154,0.01
4618.0,1.3613399961296428,0.0002651171342027505,0.01
4620.0,1.3612274310055827,0.0002667877844580136,0.01
4622.0,1.3611148658815224,0.0002684584347132767,0.01
4624.0,1.3610023007574623,0.00027012908496853983,0.01
4626.0,1.3608897356334022,0.00027179973522380293,0.01
4628.0,1.360777170509342,0.00027347038547906603,0.01
4630.0,1.3606636425100656,0.0002753497134371032,0.01
4632.0,1.3605500795878538,0.00027723661001648447,0.01
4634.0,1.360436516665642,0.0002791235065958657,0.01
4636.0,1.3603229537434303,0.000281010403175247,0.01
4638.0,1.3602093908212185,0.00028289729975462824,0.01
4640.0,1.3600950812575678,0.0002849253256753605,0.01
4642.0,1.3599803331902152,0.0002870362370822831,0.01
4644.0,1.3598655851228625,0.00028914714848920576,0.01
4646.0,1.3597508370555098,0.0002912580598961284,0.01
4648.0,1.3596360889881571,0.00029336897130305097,0.01
4650.0,1.3595210063335168,0.00029555022694030206,0.01
4652.0,1.3594050842756809,0.00029790796020802586,0.01
4654.0,1.3592891622178451,0.00030026569347574967,0.01
4656.0,1.3591732401600092,0.0003026234267434735,0.01
4658.0,1.3590573181021735,0.00030498116001119734,0.01
4660.0,1.3589413960443375,0.00030733889327892115,0.01
4662.0,1.3588241914043389,0.0003099709789188048,0.01
4664.0,1.3587068827711917,0.00031262530934562027,0.01
4666.0,1.3585895741380447,0.00031527963977243573,0.01
4668.0,1.3584722655048975,0.0003179339701992512,0.01
4670.0,1.3583549568717503,0.00032058830062606664,0.01
4672.0,1.3582368738161839,0.000323447085104643,0.01
4674.0,1.358118169827326,0.00032646980121030705,0.01
4676.0,1.357999465838468,0.00032949251731597106,0.01
4678.0,1.35788076184961,0.00033251523342163507,0.01
4680.0,1.357762057860752,0.0003355379495272991,0.01
4682.0,1.3576430782812512,0.0003386416358035693,0.01
4684.0,1.357522753170964,0.00034214064703044604,0.01
4686.0,1.3574024280606767,0.0003456396582573228,0.01
4688.0,1.3572821029503892,0.00034913866948419955,0.01
4690.0,1.357161777840102,0.0003526376807110763,0.01
4692.0,1.3570414527298147,0.00035613669193795307,0.01
4694.0,1.356919866850194,0.0003601110072943101,0.01
4696.0,1.3567979149407672,0.00036422331417212907,0.01
4698.0,1.35667596303134,0.00036833562104994803,0.01
4700.0,1.3565540111219132,0.000372447927927767,0.01
4702.0,1.356432059212486,0.00037656023480558596,0.01
4704.0,1.3563094325600922,0.00038096352760546887,0.01
4706.0,1.3561856320397971,0.00038587305618757213,0.01
4708.0,1.3560618315195019,0.00039078258476967534,0.01
4710.0,1.3559380309992066,0.0003956921133517786,0.01
4712.0,1.3558142304789114,0.00040060164193388186,0.01
4714.0,1.3556904299586163,0.0004055111705159851,0.01
4716.0,1.3555649000948942,0.00041138171654559575,0.01
4718.0,1.3554392695815547,0.00041730819480760085,0.01
4720.0,1.3553136390682152,0.00042323467306960594,0.01
4722.0,1.3551880085548758,0.00042916115133161104,0.01
4724.0,1.3550623780415363,0.00043508762959361614,0.01
4726.0,1.3549357213487327,0.0004416742275139048,0.01
4728.0,1.354808078718797,0.0004488950580470549,0.01
4730.0,1.3546804360888614,0.00045611588858020496,0.01
4732.0,1.3545527934589257,0.00046333671911335503,0.01
4734.0,1.35442515082899,0.0004705575496465051,0.01
4736.0,1.3542973838040477,0.00047788290862661953,0.01
4738.0,1.3541678274047804,0.0004867118691130663,0.01
4740.0,1.354038271005513,0.0004955408295995132,0.01
4742.0,1.3539087146062456,0.00050436979008596,0.01
4744.0,1.353779158206978,0.0005131987505724068,0.01
4746.0,1.3536496018077107,0.0005220277110588537,0.01
4748.0,1.353518832727861,0.0005320560285116247,0.01
4750.0,1.3533872718978794,0.0005428673972068719,0.01
4752.0,1.3532557110678978,0.0005536787659021191,0.01
4754.0,1.3531241502379159,0.0005644901345973663,0.01
4756.0,1.3529925894079342,0.0005753015032926135,0.01
4758.0,1.3528607906757704,0.0005864335616581177,0.01
4760.0,1.352727467607402,0.0005996204093923015,0.01
4762.0,1.3525941445390337,0.0006128072571264854,0.01
4764.0,1.3524608214706655,0.0006259941048606691,0.01
4766.0,1.352327498402297,0.0006391809525948531,0.01
4768.0,1.3521941753339288,0.0006523678003290368,0.01
4770.0,1.3520597656986715,0.0006673822278339535,0.01
4772.0,1.3519247709889353,0.0006833807367538797,0.01
4774.0,1.3517897762791993,0.0006993792456738059,0.01
4776.0,1.351654781569463,0.0007153777545937321,0.01
4778.0,1.351519786859727,0.0007313762635136583,0.01
4780.0,1.3513846031329946,0.0007478735778882148,0.01
4782.0,1.3512483889587659,0.0007670901865154388,0.01
4784.0,1.3511121747845372,0.0007863067951426629,0.01
4786.0,1.3509759606103087,0.000805523403769887,0.01
4788.0,1.35083974643608,0.000824740012397111,0.01
4790.0,1.3507035322618512,0.0008439566210243351,0.01
4792.0,1.3505667440647011,0.0008655093348334425,0.01
4794.0,1.3504296399324547,0.0008883478119597108,0.01
4796.0,1.3502925358002085,0.0009111862890859789,0.01
4798.0,1.350155431667962,0.0009340247662122471,0.01
4800.0,1.3500183275357156,0.0009568632433385153,0.01
4802.0,1.3498812012677868,0.000980191018007288,0.01
4804.0,1.3497439200500814,0.0010069438754735918,0.01
4806.0,1.3496066388323757,0.0010336967329398956,0.01
4808.0,1.3494693576146704,0.0010604495904061994,0.01
4810.0,1.3493320763969647,0.0010872024478725034,0.01
4812.0,1.3491947951792593,0.0011139553053388072,0.01
4814.0,1.349057820808144,0.0011431329189091086,0.01
4816.0,1.3489210596694055,0.0011739955324838848,0.01
4818.0,1.3487842985306666,0.001204858146058661,0.01
4820.0,1.348647537391928,0.0012357207596334374,0.01
4822.0,1.3485107762531892,0.0012665833732082136,0.01
4824.0,1.3483740626110072,0.0012976132760705741,0.01
4826.0,1.348238488886187,0.0013326581218349631,0.01
4828.0,1.3481029151613668,0.001367702967599352,0.01
4830.0,1.3479673414365467,0.0014027478133637407,0.01
4832.0,1.3478317677117266,0.0014377926591281297,0.01
4834.0,1.3476961939869063,0.0014728375048925185,0.01
4836.0,1.3475615953564273,0.0015098228501179355,0.01
4838.0,1.3474280530781508,0.0015489104030927997,0.01
4840.0,1.3472945107998744,0.0015879979560676641,0.01
4842.0,1.347160968521598,0.0016270855090425283,0.01
4844.0,1.3470274262433215,0.0016661730620173925,0.01
4846.0,1.346893883965045,0.0017052606149922567,0.01
4848.0,1.34676317631,0.0017476394012744146,0.01
