perturbation_pct,draw_idx,elapsed_s,rmse_pct,n_ret_si_1500,n_ret_si_2500,n_ret_si_4000,n_ret_nb_1500,n_ret_nb_2500,n_ret_nb_4000,d_err_all_rms_pct,d_err_all_mean_pct,d_err_all_max_abs_pct,d_err_si_rms_pct,d_err_nb_rms_pct
0.0,0,74.65073013305664,0.40967899009087944,1.4764186744774923,1.4626089857443016,1.424779833352429,2.2432230427064654,2.207773023714891,2.148174668583217,4.229370977073041,-0.2804251880038393,12.556569814679142,4.265414154027521,4.1910959344219565
5.0,0,73.50310349464417,0.40967909813862063,1.4764188860374006,1.462609014305671,1.4247799171834266,2.243222688878558,2.207773044866085,2.148174778891242,4.229325350886498,-0.28041896076165795,12.556783909281137,4.265361161743718,4.191058195857124
5.0,1,64.72200894355774,0.40967899711071337,1.4764186832392834,1.4626089867381378,1.424779838950592,2.243223025509954,2.207773023563189,2.148174675825738,4.22936861165124,-0.2804247502284919,12.556582229122633,4.265411097475738,4.191094309216708
5.0,2,70.93455743789673,0.40967886606572085,1.4764184454870826,1.4626090172437867,1.424779672559964,2.243223691658986,2.2077729455488355,2.1481744351309864,4.229467820872839,-0.2804386956413532,12.555863305394904,4.265530532965588,4.191171857927094
5.0,3,49.86281442642212,0.4096788859351503,1.476418479982897,1.4626090123835662,1.424779700400109,2.2432235922757537,2.2077729621152073,2.148174479635582,4.229451445574093,-0.28043677900625585,12.555985679151451,4.265510981381499,4.191158884093237
5.0,4,62.14521861076355,0.409678887266825,1.4764184870696058,1.4626090123902762,1.4247797064143228,2.2432235766229685,2.2077729686024696,2.148174490255547,4.229448493708999,-0.28043658185613934,12.556012257702564,4.265507507597442,4.1911564911266765
5.0,5,44.17760443687439,0.40967918100966233,1.4764192604981636,1.4626091223475206,1.424779866193878,2.243222136420213,2.207772855207926,2.1481748191371524,4.229191493859327,-0.2804070883804039,12.556137106523751,4.265244537241673,4.190905866956719
5.0,6,73.51590013504028,0.40967888245335377,1.4764184785400616,1.4626090147664832,1.4247796977025593,2.243223604425207,2.2077729619832756,2.1481744759484007,4.2294528087390955,-0.2804371190457386,12.555969938453828,4.265512923317453,4.191159627326659
5.0,7,67.93557119369507,0.4096791193702276,1.4764188821560964,1.4626089891777765,1.4247799491496425,2.2432225609289485,2.2077730386012773,2.1481748373941425,4.229294412939091,-0.28041435150545796,12.556946183309675,4.265324090456199,4.1910338260378435
5.0,8,64.90554141998291,0.4096791128299377,1.476418877264096,1.462608990126615,1.4247799417014952,2.2432225754788617,2.207773037113102,2.1481748328853834,4.229295006168215,-0.2804147907921299,12.556923862335655,4.265325764959507,4.191033260955235
5.0,9,64.30110192298889,0.4096788876934458,1.476418484186791,1.4626090114367851,1.4247797032658802,2.2432235788789185,2.207772964104492,2.1481744844047808,4.229449389311455,-0.2804365176664994,12.55600149296748,4.265508579169536,4.191157198283549
5.0,10,68.02531623840332,0.4096790648253394,1.476418787835305,1.462608989314252,1.424779895211314,2.243222784116492,2.2077730271763087,2.148174761623209,4.229328891395964,-0.28041930456420894,12.5567605837777,4.265364861939025,4.191061565578929
5.0,11,65.86277341842651,0.4096789861332763,1.476418665228206,1.4626089842675813,1.4247798283356705,2.2432230590593987,2.207773020871874,2.148174658872137,4.229374446400231,-0.2804254602928138,12.556554861918107,4.265418003756115,4.191098996503319
5.0,12,78.60914945602417,0.4096788860525892,1.4764184825692115,1.462609013072452,1.4247796988482724,2.2432235881400886,2.207772960505304,2.1481744798543905,4.229450024915576,-0.28043672137155307,12.555980056402017,4.2655098807938465,4.191157120427405
5.0,13,62.552507162094116,0.409679072342276,1.4764188068875546,1.4626089857867648,1.4247799056758725,2.2432227279355783,2.207773030584158,2.148174772030212,4.229322025942353,-0.280418000638424,12.556810794189618,4.265356511148729,4.191056290808263
5.0,14,68.74646377563477,0.4096789860768142,1.4764186682796026,1.4626089856776934,1.4247798277330426,2.2432230567657347,2.2077730202312646,2.148174659360022,4.229373747900857,-0.2804254918997914,12.556547683707162,4.265417603376072,4.191097978573628
5.0,15,66.41541576385498,0.4096790874391838,1.4764188241261549,1.4626089906629332,1.4247799156319019,2.243222702258868,2.207773030156971,2.148174792087007,4.229315538879151,-0.2804174333378863,12.55682620979824,4.265349093426581,4.191050800235149
5.0,16,91.03610491752625,0.40967899369002414,1.4764186777751362,1.4626089841858638,1.4247798350705976,2.2432230295125386,2.2077730213124727,2.1481746677894433,4.2293700642075525,-0.28042478778261676,12.556575597089944,4.265412879733159,4.1910954086812655
5.0,17,75.81686520576477,0.40967900710204874,1.4764186989422587,1.4626089856484117,1.4247798489448327,2.243222984511506,2.2077730259557273,2.1481746887439224,4.229362721559453,-0.2804238234060252,12.556620131594187,4.265403959313648,4.19108975570783
5.0,18,53.374029874801636,0.4096789837515087,1.4764186987420063,1.4626090115140062,1.4247797979982504,2.243223074954455,2.207772976334182,2.1481746148995158,4.229372146964454,-0.28042606497805217,12.556319441774047,4.2654219971277,4.191089955404847
5.0,19,63.04242944717407,0.4096791069197343,1.476418869978344,1.4626089882129243,1.4247799354323494,2.243222586221707,2.2077730330540106,2.148174817354055,4.229298852621865,-0.2804149802834164,12.556902829987324,4.2653302612947215,4.191036411503574
5.0,20,59.21127510070801,0.40967886656861086,1.4764184239639824,1.4626090117287223,1.4247796900462002,2.2432237316680745,2.207772970314254,2.148174449253675,4.2294788843605655,-0.2804394427607155,12.555944200192506,4.2655387578167,4.19118596334897
5.0,21,53.047197103500366,0.4096789990997356,1.4764186851433803,1.46260898598002,1.4247798372815763,2.2432230168651093,2.207773019221286,2.148174672746897,4.229367174297503,-0.28042450690697746,12.556576437141874,4.265409824868187,4.191092695256048
5.0,22,77.04408240318298,0.4096791165123008,1.476418923027453,1.462609019978439,1.4247799331156537,2.2432226259354917,2.207773048156768,2.1481748024227865,4.22931502465418,-0.28041777731478884,12.556820748049958,4.265349540090059,4.191049256576313
5.0,23,68.1534309387207,0.4096788926595728,1.4764183419520382,1.4626089135704259,1.424779835426637,2.243223616688902,2.2077731580386586,2.148174577133194,4.229499021986631,-0.2804381549081265,12.556905618006706,4.2655339056673505,4.191232874104389
5.0,24,64.43558955192566,0.4096788336017233,1.4764183530572912,1.4626090155771578,1.4247796590192905,2.2432239184196496,2.2077729647717197,2.148174394062764,4.22951037084079,-0.28044326852037016,12.555815604610995,4.265573416163485,4.191214054306622
5.0,25,64.30924344062805,0.40967908295091415,1.4764188328111099,1.4626089882164859,1.4247799179048661,2.2432226753452,2.2077730361906887,2.148174794870761,4.229312094271156,-0.28041707997454185,12.556850821962778,4.265345609616205,4.191047397349298
5.0,26,57.875808000564575,0.4096788950993265,1.4764184944431489,1.4626090029615164,1.4247797179702362,2.2432235253703876,2.2077729764761633,2.1481745049408505,4.229442262803894,-0.2804353637951539,12.556092110177513,4.265499224140894,4.191152458631383
5.0,27,62.94154405593872,0.4096789935496207,1.4764186751346307,1.4626089866346517,1.4247798330206771,2.243223043029878,2.2077730204308588,2.1481746687443457,4.229370653274473,-0.28042513511005174,12.55656197007446,4.265413854195388,4.191095584922342
5.0,28,65.1484363079071,0.40967888692972493,1.4764184827493056,1.4626090118651642,1.4247797010863246,2.243223583971834,2.2077729614693387,2.1481744793495743,4.229450591401855,-0.2804365732300968,12.555989147476165,4.265510046104198,4.191158116740991
5.0,29,45.0174777507782,0.40967920814610714,1.4764189896928186,1.4626089770990567,1.4247800784593478,2.2432223799705615,2.2077731809857437,2.1481749342254917,4.229316405109103,-0.2804131819637641,12.557564835421628,4.265328671102604,4.191074472682684
5.0,30,56.80874037742615,0.40967906336035903,1.4764187902311519,1.4626089851687873,1.4247798966167096,2.2432227647457723,2.207773028937464,2.1481747599416825,4.229327753218725,-0.28041880978839245,12.556782842936178,4.265363221917033,4.191060964933839
5.0,31,56.71465539932251,0.4096790020370931,1.4764186909093648,1.4626089851821074,1.424779837963432,2.243222999549202,2.207773016755541,2.1481746740585335,4.229364611043602,-0.28042407469688896,12.556580683057815,4.2654071044364,4.191090300181549
5.0,32,71.29820084571838,0.40967888443548756,1.4764184794180122,1.462609014768528,1.42477969774282,2.243223601840185,2.207772960217656,2.1481744771777027,4.229452262619715,-0.28043701611282057,12.555967841988465,4.265512304246852,4.19115915931667
5.0,33,59.670769453048706,0.4096788652970706,1.4764184422080213,1.4626090219506553,1.4247796675703432,2.2432237148159193,2.207772941096448,2.1481744320821585,4.229469220768415,-0.28043925865391617,12.555826398327842,4.265532933529004,4.191172185911824
5.0,34,59.64929246902466,0.4096788560716906,1.4764184197747556,1.4626090293057608,1.4247796476544892,2.243223791576067,2.207772924029217,2.1481744017054507,4.229480235685105,-0.2804406664780896,12.555719224317487,4.2655463244332035,4.191180656294673
5.0,35,56.800400495529175,0.40967913618641366,1.4764189541113282,1.4626090177284001,1.4247799464345952,2.2432225487905177,2.2077730472813246,2.148174815402092,4.229306604430189,-0.2804160365111755,12.55687413287625,4.265339202875881,4.1910428893371
5.0,36,62.96837043762207,0.4096790055188847,1.4764187002126652,1.4626089851835815,1.4247798447182036,2.2432229791218603,2.2077730214531095,2.148174683210498,4.229361560863061,-0.2804237148349329,12.556605911649097,4.265403380397628,4.191087971659467
5.0,37,59.68331432342529,0.4096790723095827,1.4764186934345989,1.4626089327526683,1.4247799893324176,2.2432229076534695,2.2077732088967434,2.1481748011628765,4.229403932081141,-0.28042384921805397,12.55744397654216,4.265422069836311,4.191155716320661
5.0,38,68.79803895950317,0.409679135804774,1.4764189591984918,1.4626090217884575,1.4247799473164324,2.2432225511494215,2.207773049142458,2.148174821873176,4.229304728362504,-0.2804162398265341,12.556866651839389,4.2653376843866555,4.191040630048628
5.0,39,77.203693151474,0.4096788953185789,1.4764184966452754,1.462609004009487,1.4247797176576584,2.243223523593732,2.2077729758906925,2.148174505099827,4.229441345458949,-0.28043536634682126,12.556087773971457,4.2654985313846145,4.191151300610299
5.0,40,47.85387659072876,0.4096786200304932,1.476417833361865,1.4626088632006418,1.4247796098087537,2.243224569909278,2.207773114509872,2.148174262269649,4.229636996015735,-0.28045634261198404,12.556272952158345,4.265694379489789,4.191346755175728
5.0,41,59.65978240966797,0.40967910407499364,1.4764188562018579,1.4626089899300652,1.4247799308924203,2.2432226234933266,2.207773032022404,2.148174814563343,4.229302962023135,-0.2804157672427001,12.556880878683682,4.265334909452455,4.191039944067729
5.0,42,77.4254059791565,0.4096790496299893,1.4764187903839086,1.4626089998598617,1.424779868090916,2.243222809013589,2.2077730044682173,2.148174730969638,4.229327555942633,-0.2804203210517294,12.55662127564436,4.265368471242369,4.19105493272594
5.0,43,71.48980855941772,0.4096791079036598,1.476418903160679,1.4626090153975282,1.4247799236281533,2.243222653978468,2.20777304392904,2.1481747869035215,4.229320599088104,-0.28041819797154527,12.55680150074555,4.26535569984022,4.191054204410163
5.0,44,59.40210723876953,0.40967903609216133,1.4764187479402007,1.462608988020172,1.4247798751711938,2.2432228761895323,2.207773029026815,2.148174728362849,4.229344742350202,-0.2804214326845675,12.55669854098263,4.26538311690852,4.191074842391439
5.0,45,68.4765739440918,0.4096788886673353,1.4764184881143847,1.4626090114674457,1.4247797066951489,2.243223570784972,2.207772967461684,2.1481744885476486,4.2294484870861,-0.2804364147611781,12.556014199812164,4.265507389429423,4.191156604002118
5.0,46,48.05881452560425,0.40967906556274075,1.4764188033997436,1.4626089873408563,1.4247798977053268,2.243222736552779,2.2077730250445033,2.148174765607855,4.229319670889994,-0.28041849331597424,12.556773535628585,4.26535587222691,4.19105209708853
5.0,47,44.77374720573425,0.40967884300637925,1.4764183622411966,1.4626090239248635,1.4247796575208131,2.2432239217172616,2.2077729550244247,2.1481743986526527,4.229507907943879,-0.28044326522856117,12.555773862252769,4.265571559422274,4.191210941833732
5.0,48,56.63767409324646,0.4096791155896333,1.4764188809465795,1.4626089864177003,1.4247799482965038,2.243222555385885,2.207773041923255,2.1481748376606196,4.229294201196621,-0.2804142777833941,12.55696086682022,4.265323750957042,4.19103375114299
5.0,49,71.44082474708557,0.4096789954669049,1.476418674971949,1.4626089851623412,1.4247798340612299,2.2432230380855973,2.2077730190445672,2.148174666682595,4.229370849434888,-0.2804249459084155,12.556566103284045,4.265413804243329,4.191096044758038
5.0,50,59.68056130409241,0.40967888715816314,1.4764184858569285,1.4626090126843527,1.424779703928483,2.2432235800392193,2.2077729648491116,2.1481744849226256,4.229448846237349,-0.2804365822855054,12.555998892084569,4.265508201914033,4.191156477523658
5.0,51,68.19302344322205,0.40967888858121965,1.4764184948405104,1.4626090046057756,1.4247797085392377,2.2432235308942046,2.207772967906412,2.1481744877454587,4.22944458554056,-0.28043545077982984,12.556048173793714,4.265502784582136,4.191153455595278
5.0,52,65.89737367630005,0.4096791470582267,1.4764189758423232,1.46260902072071,1.4247799543506514,2.243222509979644,2.207773047448942,2.1481748284154962,4.229300348525459,-0.2804152550564334,12.55689277106065,4.265332226127222,4.191037405167049
5.0,53,62.340006589889526,0.4096790940574038,1.4764188470656683,1.4626089872239505,1.4247799253911284,2.2432226378256663,2.207773033022641,2.1481748015534183,4.229307279422762,-0.28041607798584234,12.5568719276427,4.265339743402679,4.191043708435678
5.0,54,59.6889386177063,0.40967913467519324,1.4764188982446758,1.4626089877661164,1.4247799563331334,2.24322251522535,2.2077730351338536,2.1481748536210308,4.229286469468846,-0.2804134306757798,12.55696715823957,4.265315375772664,4.191026708126755
5.0,55,65.43286538124084,0.40967885599802,1.476418443228506,1.4626090231470898,1.424779662792655,2.24322371812643,2.207772943542729,2.1481744271613334,4.229469994372419,-0.28043951061254824,12.555816192302274,4.265534430080182,4.191172185078758
5.0,56,71.42858481407166,0.4096788884987536,1.4764184971023493,1.4626090059100183,1.424779709862876,2.243223530375121,2.2077729691384382,2.1481744896191564,4.229444034179091,-0.28043549675462454,12.55604783456066,4.265502269044539,4.191152865811434
5.0,57,74.61934733390808,0.40967889191204643,1.476418492350262,1.4626090019526021,1.4247797103846847,2.2432235254262496,2.2077729696634725,2.148174493519514,4.229442654675787,-0.2804352989948873,12.556069569192793,4.265500397211335,4.191152013633175
5.0,58,68.73219299316406,0.40967909488709814,1.4764188794021909,1.4626090122737192,1.4247799123144065,2.243222695736731,2.207773041038737,2.1481747720285496,4.229326027437689,-0.2804189979229258,12.556772682062622,4.2653622356607634,4.19105844676681
5.0,59,65.78014206886292,0.40967889556178183,1.4764184965656817,1.4626090030123948,1.4247797185393276,2.243223520278382,2.2077729762910323,2.1481745052572796,4.229441592382731,-0.28043524558763117,12.556094170436891,4.265498480077116,4.191151867050259
5.0,60,65.6221272945404,0.4096790872840237,1.4764188380298877,1.4626089893506045,1.4247799211699186,2.2432226669653517,2.207773035277127,2.1481747986200284,4.229310557543661,-0.2804167887794398,12.556856056521658,4.265343645359112,4.191046318508274
5.0,61,65.31980276107788,0.40967907180870544,1.476418841997283,1.4626090133796932,1.4247798951894879,2.243222782685864,2.2077730398846147,2.1481747518074203,4.229337287716547,-0.2804208897850636,12.556708337087333,4.265375624849404,4.191067427256034
5.0,62,53.86594748497009,0.4096790670553022,1.4764188030939087,1.4626089883051727,1.4247799019846124,2.243222746313611,2.2077730313420645,2.148174768309701,4.229324246055962,-0.28041854289482926,12.556790763109298,4.265359499792932,4.191057687777635
5.0,63,65.41783571243286,0.40967886512440815,1.4764184416458321,1.462609028274098,1.4247796656522909,2.2432237393312136,2.2077729416462852,2.148174436047028,4.229471218063428,-0.2804398953750996,12.555803538846458,4.265535364092834,4.1911737192023635
5.0,64,65.77457547187805,0.40967903536796196,1.4764187470356374,1.462608985032611,1.4247798720181022,2.24322286725706,2.207773025081002,2.1481747214137448,4.229344621109201,-0.2804211430378079,12.556696510123368,4.265383112288438,4.191074596205356
5.0,65,62.83871126174927,0.4096788804539908,1.4764184729396275,1.46260901568542,1.4247796910564634,2.243223619929153,2.207772955922804,2.1481744683969786,4.229454342824533,-0.28043737715838996,12.555941496524882,4.265515207529407,4.19116035791975
5.0,66,65.6800811290741,0.409678888098249,1.4764184872060129,1.4626090107097243,1.4247797069275885,2.2432235701570824,2.2077729687777294,2.1481744914127723,4.229447565569353,-0.2804364007639061,12.556021021373015,4.265506381938737,4.191155774516007
5.0,67,264.5275161266327,0.4096789874962336,1.4764188591870415,1.46260907724111,1.424779721098031,2.2432228803406646,2.20777283588244,2.14817458050504,4.229305537494181,-0.2804212121345365,12.555735800547644,4.265372168508581,4.191005363192938
5.0,68,41.67172193527222,0.40967932750517855,1.4764195375266773,1.4626091426699495,1.4247799931592122,2.2432215964823663,2.2077728928571214,2.148174996537731,4.229117473192208,-0.28039663647329316,12.556542780112183,4.26515726517668,4.1908460365956355
5.0,69,63.0112030506134,0.4096790556941436,1.4764187675090172,1.4626089880028237,1.4247798873199025,2.2432228275075174,2.2077730262645603,2.148174746984689,4.229336383006039,-0.28042020813592633,12.55673477705243,4.265373161042564,4.191068192724549
5.0,70,74.59078359603882,0.4096789781949593,1.4764186556096914,1.462608985442935,1.4247798220487229,2.243223086718864,2.2077730208310515,2.1481746495105187,4.229379086240958,-0.28042617006726206,12.556528820354764,4.265423585429559,4.191102627731553
5.0,71,59.32326102256775,0.4096788547880391,1.4764184122247197,1.4626090327883183,1.424779642966913,2.243223821209053,2.207772921843917,2.1481743995131772,4.229482884150987,-0.2804413796412876,12.555690348960683,4.265549801306686,4.1911824174918895
5.0,72,77.06758785247803,0.40967887777417933,1.476418469788244,1.4626090184457063,1.4247796867393439,2.243223637638201,2.207772953457299,2.148174463973714,4.229456703292738,-0.28043780125349177,12.555914776299653,4.265518268258881,4.191161968382377
5.0,73,56.31127142906189,0.40967889505554406,1.4764184927493385,1.462609004686088,1.4247797137520164,2.243223533961684,2.2077729709492813,2.148174499274559,4.229442942450556,-0.2804354746816959,12.5560683074152,4.265500443297342,4.191152560353219
5.0,74,71.79823160171509,0.40967889264875884,1.4764184889519005,1.4626090029005516,1.424779708569363,2.243223536193524,2.207772966811436,2.148174491522165,4.229443965708142,-0.28043544886172067,12.556056846017874,4.26550184356432,4.191153179800741
5.0,75,53.76954364776611,0.409678924641089,1.4764185094292854,1.4626089652612184,1.4247798015734032,2.2432233764884395,2.2077730603369417,2.14817458576882,4.229436998030306,-0.28043267289489376,12.556553728650748,4.265481431056052,4.191160615028259
5.0,76,152.16612005233765,0.4096788816133023,1.4764184661217035,1.4626090122701703,1.4247796961608432,2.2432236259894607,2.207772961395287,2.1481744703119445,4.229457901004362,-0.2804374200623596,12.555967172588007,4.265517728459464,4.19116502759593
5.0,77,62.670896768569946,0.40967906933313425,1.476418807515007,1.4626089887325238,1.4247799044495264,2.2432227371604627,2.207773033090236,2.148174775407604,4.2293218478560854,-0.28041839639910304,12.556801464468993,4.265356867059297,4.191055540640666
5.0,78,56.96783804893494,0.40967886807470966,1.476418450795275,1.4626090347881937,1.4247796502175076,2.243223732520601,2.2077729184268176,2.148174424450934,4.229465589220412,-0.28043966181344293,12.555720126818523,4.26553201671896,4.19116564575193
5.0,79,68.32240986824036,0.4096789845790208,1.476418665437193,1.4626089856699513,1.4247798247416776,2.2432230628244465,2.2077730177181474,2.148174655555713,4.229374166695563,-0.28042559097106107,12.556536061502635,4.265418397522239,4.191097995288635
5.0,80,68.5495777130127,0.4096788664082691,1.4764184355192553,1.4626090243149612,1.4247796695538033,2.2432237386435667,2.20777294410181,2.1481744367257467,4.22947187611967,-0.2804397913599186,12.555824917855878,4.265535375537297,4.1911750700313934
5.0,81,71.52617692947388,0.4096788934119257,1.4764184902833777,1.4626090059168915,1.4247797158444995,2.2432235452721,2.207772975934794,2.1481745048235372,4.229443570801942,-0.28043578057371776,12.556076524490562,4.2655009026676955,4.191153369784975
5.0,82,56.68166637420654,0.40967850278741963,1.4764176208187325,1.462608848796581,1.42477950760326,2.243224986440625,2.2077730814917556,2.1481741185833343,4.229693880612996,-0.2804643755993793,12.55593959050031,4.265762230271053,4.191391896180378
5.0,83,74.06140971183777,0.4096788851214234,1.4764184856753457,1.4626090084934904,1.424779705656661,2.24322356698352,2.2077729683151133,2.14817448386076,4.229449099103304,-0.28043630420784954,12.556021596516485,4.2655079682450285,4.191157251637304
5.0,84,56.83062791824341,0.4096789975136026,1.4764186841369045,1.4626089847945245,1.4247798389605606,2.2432230166328533,2.2077730222704193,2.148174673406755,4.229367805236489,-0.2804244914159232,12.556587374878701,4.265410178760812,4.1910936230443605
5.0,85,65.52387380599976,0.4096790718813025,1.476418805861754,1.4626089881511046,1.4247799011097204,2.243222737330144,2.2077730278963346,2.148174772011034,4.229320898828832,-0.28041842677037404,12.556787403552063,4.2653564795862735,4.191053989948304
5.0,86,65.49576139450073,0.4096788136364151,1.4764182252351226,1.4626089034793976,1.4247797625321652,2.243223834875243,2.207773139072995,2.1481744938985505,4.229527535893803,-0.28044201226919757,12.556694980736475,4.265570526344548,4.191252705551648
5.0,87,74.07365536689758,0.4096790050525229,1.476418696009686,1.4626089843737855,1.4247798450085765,2.2432229861561286,2.207773023680638,2.148174685753701,4.229362758731957,-0.2804238283172215,12.556613878576348,4.2654042717970695,4.191089497943723
5.0,88,68.50164246559143,0.4096791152494464,1.4764188767747668,1.4626089890673277,1.424779944691952,2.243222572705392,2.207773037676408,2.148174833452022,4.229295783739766,-0.2804146115818489,12.556934696283314,4.26532593267343,4.191034691923816
5.0,89,53.77829337120056,0.4096790313552397,1.476418742248367,1.462608985912768,1.4247798657984754,2.2432228811198565,2.2077730220277743,2.148174715159886,4.229346337330885,-0.28042148248178517,12.556673727853621,4.265385581094796,4.191075506323837
5.0,90,56.60066294670105,0.4096791052586226,1.476418850000187,1.4626089947111447,1.424779957024762,2.243222725761286,2.2077730983342834,2.1481747989242854,4.229345230357796,-0.28042017406336955,12.557013547420928,4.265374092996893,4.191085520484475
5.0,91,250.53927993774414,0.4096788914326842,1.4764184901987163,1.462609009388194,1.4247797076520896,2.2432235576394133,2.207772966179827,2.148174490955542,4.22944646992379,-0.2804361307231584,12.55602203493418,4.265505190842849,4.191154781039255
5.0,92,53.3122079372406,0.4096790150566977,1.4764188490655328,1.4626090591425795,1.4247797761633174,2.2432228663606186,2.207772897611091,2.1481746318924038,4.229317500311841,-0.280421563435866,12.55603279160963,4.265375060553687,4.191027044553817
5.0,93,59.627535581588745,0.40967906994188263,1.4764188092645811,1.462608988045138,1.4247799016889364,2.24322272942303,2.2077730284146457,2.148174770655792,4.229320950974274,-0.28041817166398036,12.556791624205365,4.265356230084436,4.191054365250659
5.0,94,71.46684336662292,0.4096790389216799,1.4764187465891085,1.4626089873687749,1.424779873922622,2.243222875685566,2.20777302573048,2.1481747269430103,4.229344816066577,-0.2804213361279327,12.556694871443238,4.265383132337464,4.191074978556725
5.0,95,56.594637393951416,0.4096788955915832,1.476418490772664,1.4626090014611566,1.424779711664104,2.2432235263358518,2.207772968470422,2.148174496078482,4.229442266124359,-0.2804352367868913,12.55607346974889,4.265499729737431,4.191151923861586
5.0,96,68.54112577438354,0.40967910265028024,1.4764188944149115,1.46260901463997,1.42477991956244,2.2432226707575134,2.2077730432409455,2.148174782154914,4.229322310517837,-0.2804185374325845,12.556790547337739,4.265357881418746,4.191055412309292
5.0,97,73.42259192466736,0.4096789936239606,1.4764186803346577,1.4626089859427012,1.4247798366749094,2.2432230299168667,2.207773024601523,2.148174673086346,4.229369449561644,-0.28042492095073673,12.556579906130025,4.265412229158536,4.191094832476577
5.0,98,73.01486659049988,0.4096790376555577,1.476418746712531,1.4626089867500296,1.4247798737236361,2.243222874072067,2.207773026086462,2.1481747249485488,4.229344680038214,-0.2804213596214141,12.556694441634177,4.265383216647652,4.191074606469932
5.0,99,64.69385242462158,0.40967889477136904,1.47641848986888,1.4626090011017256,1.4247797110756542,2.243223527541738,2.2077729678081144,2.148174494193461,4.2294431659046765,-0.2804352084250356,12.556071019030753,4.265500592971542,4.191152862865964
10.0,0,77.01320743560791,0.40967888404481245,1.4764184869289303,1.46260901043072,1.4247797015025074,2.2432235690568887,2.207772965306425,2.1481744848783966,4.2294476627607525,-0.2804363120540842,12.5560082600329,4.265506889346803,4.191155432247911
10.0,1,162.57362246513367,0.4096788903903445,1.4764184888316827,1.462609009890922,1.4247797048425563,2.2432235618119365,2.2077729640810624,2.1481744889184107,4.229446135175092,-0.28043622513507116,12.556012184906397,4.265505226154714,4.191154049815985
10.0,2,48.17685341835022,0.40967885935098886,1.4764184428708846,1.4626090224620765,1.4247796592242614,2.2432237141535785,2.207772933864337,2.1481744196678565,4.229469160802098,-0.2804391080431009,12.555797781034364,4.2655337339572865,4.191171204193234
10.0,3,71.77036094665527,0.40967910572516963,1.476418858940072,1.4626089877157886,1.4247799352793133,2.243222610573462,2.2077730349646143,2.148174815842672,4.229302810746595,-0.28041539579529606,12.556904129970622,4.265333972824992,4.191040634118857
10.0,4,60.50633692741394,0.4096786493754058,1.4764179469844954,1.4626088857796364,1.4247796037662204,2.2432243777205456,2.2077730807057696,2.148174298243909,4.229597300968894,-0.2804524965528107,12.556187606041414,4.26565746066076,4.1913040827807375
10.0,5,86.62888503074646,0.4096788561651274,1.4764184192030319,1.4626090338199962,1.4247796485693502,2.2432238081056775,2.2077729262767356,2.1481744093979116,4.229480563495525,-0.28044103746451005,12.555712237063092,4.265546615944241,4.191181023019162
10.0,6,53.07729697227478,0.40967912977230597,1.4764188978519477,1.4626089881394362,1.424779951456421,2.2432225180829186,2.2077730318445954,2.148174843170833,4.229287133592386,-0.28041336172006137,12.556954114190255,4.265316551587932,4.191026824132939
10.0,7,70.16504645347595,0.4096790753409532,1.4764188102559126,1.4626089930921145,1.4247799065470452,2.2432227452738047,2.2077730312919455,2.148174778810815,4.229322170522288,-0.2804186632446954,12.55678517461052,4.265357388544752,4.19105565033891
10.0,8,68.01572942733765,0.4096789792774803,1.476418654916905,1.4626089849829105,1.4247798207726778,2.243223085846701,2.2077730175836736,2.1481746467195117,4.229379017525279,-0.2804260439224417,12.556522903053958,4.26542355337702,4.19110251973324
10.0,9,138.90700364112854,0.40967906807870313,1.4764188318800304,1.4626090106261345,1.4247798914167435,2.2432227956755297,2.207773037726318,2.148174742681302,4.229339925710507,-0.2804210901368503,12.556699888479724,4.265378587187787,4.191069717992167
10.0,10,168.06282663345337,0.4096789759190547,1.4764186530958927,1.462608986502912,1.4247798197609431,2.243223096203784,2.2077730208674926,2.148174649090436,4.2293793045371775,-0.28042638973469164,12.55652170136034,4.265424156859899,4.191102467733332
10.0,11,58.29925274848938,0.40967905543086347,1.4764187810323972,1.4626089883226567,1.4247798857669536,2.243222796719777,2.207773023276631,2.1481747456938995,4.229331763965568,-0.28041971340000643,12.556728687472953,4.265369120568208,4.191062953500611
10.0,12,300.7427439689636,5.260234043166244,1.3705288458465668,1.385071910786148,1.3750103026275455,2.157467911016377,2.2287934387613033,2.16718124967435,16.61460536363399,1.7679847680676808,27.21466692410163,17.27792115614812,15.886485740735248
10.0,13,60.61157774925232,0.4096790248347383,1.4764187325389977,1.4626089844124186,1.4247798590362417,2.243222898089059,2.2077730194350536,2.1481747042045467,4.229348834303711,-0.2804218361100674,12.556655541639731,4.265388897576624,4.1910771255598025
10.0,14,57.7314989566803,0.40967911973611637,1.4764188875929072,1.4626089869200625,1.4247799528882272,2.243222543089521,2.207773041348296,2.14817483631121,4.2292944803330155,-0.2804138603147217,12.556967830329231,4.265323428349758,4.191034674943839
10.0,15,137.83852863311768,0.40967899972993127,1.4764186806114672,1.46260898631268,1.4247798350106204,2.2432230277333285,2.2077730166560645,2.1481746715209664,4.229367714151143,-0.2804246922920874,12.556565443139096,4.265410655330472,4.191092923824625
10.0,16,57.87736916542053,0.4096790657138496,1.4764187976491114,1.4626089890724556,1.4247799007272117,2.2432227616400127,2.207773033055001,2.14817477000835,4.229325537048599,-0.2804189424066612,12.556787566647484,4.265360983980098,4.1910587719053565
10.0,17,62.31211233139038,0.4096789885988974,1.4764186703449327,1.4626089873340637,1.424779826333858,2.243223055931517,2.20777301711605,2.148174661119783,4.229372017600842,-0.28042548756734353,12.556537056083812,4.265416195990552,4.191095902197803
10.0,18,57.48091793060303,0.4096791835959424,1.476419150697453,1.4626090658362787,1.4247799394485565,2.243222242653864,2.207772979215751,2.1481748613960194,4.2292396133488515,-0.280409762876103,12.55666192250664,4.265278089861069,4.190969595769789
10.0,19,49.693238735198975,0.40967886101600776,1.4764184544671486,1.4626089676293268,1.4247797201372951,2.243223488806819,2.2077730167348446,2.1481745189990797,4.2294421297441795,-0.2804345558887502,12.55627617767019,4.265496869882865,4.191154705138794
10.0,20,60.09792113304138,0.4096790057360686,1.4764187062029581,1.4626089851963646,1.424779846966535,2.2432229654212277,2.2077730232404607,2.1481746870078933,4.229358979350111,-0.2804234742118577,12.556615603485813,4.265400707349983,4.1910854880010815
10.0,21,49.93522882461548,0.4096788824577268,1.4764184727354959,1.4626090100650087,1.4247796995469237,2.243223601574447,2.207772964884749,2.1481744797106685,4.229453023802475,-0.28043691552732286,12.555996969383907,4.265512268803145,4.191160773990654
10.0,22,250.89226078987122,0.40967889607411384,1.476418491482956,1.4626090030951602,1.4247797121418344,2.2432235303902135,2.2077729692242425,2.1481744990579226,4.229442223180449,-0.280435427200945,12.556067754053185,4.265499880108083,4.191151673815483
10.0,23,52.73102807998657,0.4096788895771743,1.4764184925553479,1.4626090079231684,1.424779708967406,2.2432235477880673,2.207772967555358,2.1481744894422556,4.229446008473221,-0.28043580025715215,12.556035144482811,4.265504335386304,4.191154741652354
10.0,24,48.09213328361511,0.4096789849014389,1.4764186667356125,1.4626089847778565,1.4247798249113004,2.2432230566073597,2.2077730164341824,2.1481746528372594,4.229373791236618,-0.2804254118794705,12.556537117255846,4.265417976775568,4.191097668316333
10.0,25,383.08643555641174,5.2933287189824245,1.448270423951494,1.3995997261374904,1.4348936781524027,2.157467911016377,2.2538454484004284,2.220693805536285,16.371292877964795,0.7199733355753392,27.21466692410163,18.213597112068353,14.175678938781846
10.0,26,225.1026201248169,5.260232351759152,1.3705297334136335,1.3850725055908324,1.375012294249905,2.157467911016377,2.228796611319796,2.1671824182736708,16.614319290231215,1.7679227745211024,27.21466692410163,17.27794103070455,15.885848863925426
10.0,27,112.90786647796631,0.40967914917470466,1.476418986661616,1.4626090247422807,1.4247799588036716,2.243222500159609,2.2077730525155745,2.148174839557014,4.229297070287972,-0.2804152981954135,12.556901291734006,4.265328954901503,4.1910341191561455
10.0,28,103.42576718330383,6.0509780505760355,1.3649002182245664,1.509807974730719,1.4694434558559717,2.317467911016377,2.2780293409780246,2.198475129520405,15.061482469697793,-1.4003899068026895,27.21466692410163,13.728618457102915,16.347513280073496
10.0,29,42.3011474609375,0.40967899734636815,1.4764185447442573,1.4626089151439723,1.4247799311537745,2.243223181612399,2.207773208802942,2.1481747240621605,4.229444993736743,-0.2804294721439557,12.557313536754924,4.26546828934434,4.191191255721583
10.0,30,47.69180774688721,0.4096791062043026,1.4764188982061333,1.462609013956489,1.4247799197717148,2.243222659058119,2.2077730402576967,2.1481747819549835,4.229321233070677,-0.28041820418598373,12.556791605760113,4.26535657434207,4.191054580776678
10.0,31,70.68813419342041,0.4096788898572284,1.476418490271088,1.462609001324279,1.4247797098297128,2.2432235290512286,2.207772970524816,2.148174491782377,4.229443949550523,-0.280435370653757,12.55607000115599,4.265501662736543,4.191153340053732
10.0,32,59.99790716171265,0.40967916850871133,1.4764189957763192,1.4626090172417565,1.4247799896471696,2.24322246392188,2.2077730747475366,2.148174856265936,4.229300800816955,-0.2804146131975669,12.557037420874432,4.265327848346356,4.191043031904738
10.0,33,40.4861946105957,0.40967888061619434,1.476418467046206,1.462609016704067,1.4247796997255118,2.243223641083014,2.2077729665217904,2.148174475904235,4.2294587634556065,-0.28043784648154324,12.55596596591248,4.265518596293453,4.191165884349582
10.0,34,57.713064193725586,0.4096784082657479,1.4764174397138712,1.4626088307206029,1.4247794341395723,2.243225330459168,2.2077730789488377,2.148174021084827,4.2297450283208,-0.28047130705426315,12.55576031048122,4.26582011823678,4.191435827070186
10.0,35,333.9553382396698,5.293327769824482,1.4482711840718279,1.3995996486323623,1.4348919393535742,2.157467911016377,2.2538462409833473,2.2206980934849856,16.370784743836868,0.7198640164040807,27.21466692410163,18.21294232334796,14.175359961197032
10.0,36,50.18861961364746,0.4096789974761215,1.476418686373202,1.4626089850488129,1.4247798377467147,2.2432230110898685,2.207773021400036,2.1481746736683935,4.22936644838389,-0.28042447079927957,12.556583773301986,4.26540912036629,4.191091946346127
10.0,37,259.1246862411499,0.4096788921056538,1.4764184958384277,1.4626090086636179,1.42477970791445,2.2432235403917153,2.207772965604315,2.148174495176186,4.229442737701593,-0.2804357209904238,12.556032101560698,4.265501279543421,4.19115124036496
10.0,38,62.68253231048584,0.4096791319882604,1.476418955692096,1.4626090213678813,1.4247799437867998,2.2432225574678557,2.2077730491745773,2.148174821272665,4.229305014218604,-0.2804164385284542,12.556859856850155,4.265338372632223,4.1910404848508165
10.0,39,54.40121293067932,0.40967876158733185,1.4764183342047472,1.4626089891163219,1.4247795986195277,2.2432237968757263,2.2077729251097242,2.148174380377931,4.229464866630549,-0.2804403670509983,12.555707689309465,4.265536671017099,4.191159162787859
10.0,40,67.69807434082031,0.40967888863043994,1.476418486437853,1.4626090096326627,1.4247797067511412,2.2432235683938915,2.2077729675805737,2.1481744894679884,4.229447940232936,-0.28043630217705723,12.556021436172225,4.265506671190263,4.191156240711924
10.0,41,198.46879053115845,0.40967909908475353,1.4764188488038932,1.46260899101004,1.4247799306955113,2.2432226474172334,2.2077730373679154,2.1481748125255455,4.2293070105838275,-0.2804162890424465,12.556882877841046,4.2653389605405545,4.191043990244106
10.0,42,57.2380735874176,0.4096791044795887,1.4764188973103196,1.4626090158753609,1.424779920669243,2.2432226682403478,2.207773044244726,2.1481747853781985,4.229321995603629,-0.28041855118874665,12.55679235150216,4.265357459579613,4.191055211917909
10.0,43,50.33404517173767,0.40967870292083614,1.476418206121381,1.4626089654908105,1.4247795599152422,2.2432240082166355,2.207772935689433,2.148174316314515,4.2295024464666895,-0.2804444278933491,12.555670256608098,4.265576510100859,4.1911943252713995
10.0,44,157.23247694969177,5.260236415461633,1.37056689687174,1.3850946137545048,1.3750494796245163,2.157467911016377,2.2288414898401023,2.1672149994716565,16.614076437107368,1.7661011732646859,27.21466692410163,17.275588844092336,15.88802014803218
10.0,45,44.97891664505005,0.4096789883085827,1.4764186692102221,1.4626089854026867,1.4247798263870823,2.243223052477614,2.207773017454004,2.1481746588375588,4.229373362230913,-0.28042536643990335,12.556543465007433,4.26541722618836,4.191097583785874
10.0,46,49.72815465927124,0.4096790039838139,1.4764186989905221,1.4626089851003445,1.424779845629317,2.2432229826070365,2.207773025314306,2.1481746871812932,4.2293615615410936,-0.2804238538783076,12.556615447135135,4.265403281038931,4.19108807950656
10.0,47,103.11464357376099,0.4096788592454848,1.4764184047741393,1.4626090303775983,1.4247796523202658,2.2432238319224833,2.207772928920059,2.1481744067103614,4.229486758854802,-0.28044144894731754,12.555724129740199,4.265552055166817,4.191188028929763
10.0,48,47.578808307647705,0.4096788810841953,1.4764184722373652,1.4626090163394267,1.4247796959218877,2.2432236236966774,2.207772963361613,2.1481744811397774,4.229452872122974,-0.2804375587897999,12.55596504571809,4.265513225419288,4.1911594349756625
10.0,49,42.14992833137512,0.40967891514113286,1.4764183765130936,1.4626088986822139,1.4247798622315346,2.243223496707017,2.2077731874716076,2.148174614595512,4.2294907455597786,-0.280435434856873,12.557097377169786,4.265520919438502,4.191229642585795
10.0,50,109.19808626174927,0.4096788012073883,1.4764181626979327,1.46260889304892,1.4247797553178174,2.2432239428735183,2.2077731318797325,2.148174450934846,4.229548913165447,-0.2804448801062562,12.556657999209186,4.2655920779301475,4.191273897789202
10.0,51,35.309847593307495,0.40967947423675405,1.4764198018164623,1.4626091517184947,1.4247801312252575,2.2432210549153973,2.2077729469332183,2.1481751770983792,4.229049755606129,-0.28038582575689436,12.557033640841519,4.265073874867673,4.19079510367489
10.0,52,51.9355788230896,0.4096790971300336,1.4764188903443392,1.4626090190301773,1.424779917369451,2.2432226949861405,2.207773045884904,2.148174784046968,4.229324076988305,-0.2804192328113842,12.556769875852336,4.26536035924454,4.191056416850378
10.0,53,52.1718966960907,0.4096792583572947,1.4764193566355006,1.4626091020909602,1.4247799637081335,2.2432218834774633,2.2077729339785366,2.148174934435705,4.229173189702444,-0.28040229633890784,12.55661037890429,4.265212452653797,4.190902324308289
10.0,54,50.35008001327515,0.4096788886780887,1.4764184871490977,1.4626090055973806,1.4247797101687996,2.243223553368343,2.2077729706827443,2.1481744882737503,4.22944843756008,-0.28043591160015313,12.556047281719076,4.265506382824103,4.191157579795909
10.0,55,47.265573263168335,0.409678831367189,1.4764183374094852,1.4626089526761086,1.4247797227985861,2.2432237126499737,2.2077730401770443,2.1481744762231414,4.229483539874352,-0.28043926266608316,12.55630591497884,4.26553632919297,4.191198208497588
10.0,56,175.93413472175598,3.4327411646657957,1.4609617144664742,1.3899113108429995,1.414838778240603,2.2752743119867316,2.218085716645499,2.223453243102217,14.709395830304949,-1.8561126318876626,25.06883277395602,14.45971007867546,14.967723855409574
10.0,57,126.83531880378723,0.4096788915954825,1.4764184926602644,1.4626090004623014,1.4247797158919429,2.2432235212634937,2.2077729752160633,2.148174497283829,4.229443645779434,-0.2804351533907224,12.556093460049267,4.265500530695479,4.191153923587589
10.0,58,67.38372731208801,0.40967901006108015,1.4764187022505946,1.4626089843753287,1.424779846745851,2.243222970097322,2.207773021303273,2.1481746887315514,4.22935991837161,-0.2804235065262432,12.55661651873491,4.265401372818299,4.191086720154169
10.0,59,54.83644700050354,0.40967903845944303,1.476418746475588,1.462608990237707,1.424779870300873,2.2432228853081173,2.207773021830948,2.148174723036305,4.229345185006295,-0.2804216641729081,12.556666649782919,4.265384426396456,4.19107435645019
10.0,60,60.378517389297485,0.4096791169899432,1.476418879882146,1.4626089915359775,1.4247799402755357,2.2432225727348487,2.207773030935802,2.1481748281840845,4.229294694488115,-0.28041467857949437,12.556905723231676,4.265325761659294,4.191032618885602
10.0,61,60.194358348846436,0.40967889424778925,1.476418493946208,1.4626090015372648,1.424779719001258,2.2432235222120855,2.207772977231052,2.1481745014670395,4.229443940317759,-0.28043518571863285,12.556100140388034,4.265500460353883,4.191154609046797
10.0,62,52.40891098976135,0.40967901092490866,1.4764186983400582,1.4626089866252345,1.4247798461617982,2.2432229869569063,2.2077730196656886,2.148174687723211,4.229361617006807,-0.28042382141847333,12.556602205645257,4.265403252911924,4.191088224529296
10.0,63,57.358227014541626,0.4096788823381122,1.476418477588573,1.4626090124212154,1.4247796983521062,2.243223599740357,2.207772961658993,2.1481744725853087,4.22945393167391,-0.28043691483807887,12.555976419900759,4.26551372865056,4.191161090599795
10.0,64,55.07706809043884,0.40967907228155864,1.4764188370206877,1.4626090098077111,1.4247798911552516,2.243222779933168,2.207773033905103,2.148174744841649,4.229337416823639,-0.2804206154406817,12.55670385079979,4.2653757883283125,4.191067519551089
10.0,65,58.59268021583557,0.4096790428083522,1.47641876014957,1.4626089867451795,1.4247798795615392,2.2432228426501553,2.2077730285817547,2.1481747353423124,4.229339789412094,-0.2804207104681606,12.55672048851066,4.265377574629182,4.191070520415862
10.0,66,63.333091020584106,0.4096788780809016,1.4764184666859261,1.462609028099315,1.4247796690350178,2.2432236732834396,2.2077729313511627,2.1481744455827156,4.229458169293798,-0.28043845208346796,12.555809959018612,4.265522320589667,4.191160663746993
10.0,67,205.95627903938293,5.443964885403397,1.4647408885835702,1.4116050867452097,1.446443260517941,2.157467911016377,2.2664072427045436,2.223453243102217,15.535110337739761,-0.21576497208785292,27.21466692410163,16.616227731373595,14.309117436844657
10.0,68,65.21054339408875,0.4096791053132132,1.4764188655953776,1.4626089887628573,1.4247799305503206,2.2432225964799044,2.2077730329712337,2.148174821864965,4.229297311102392,-0.2804154102371265,12.556894002110354,4.265329504326707,4.191034029377604
10.0,69,72.72743010520935,0.4096788839744018,1.4764184861134388,1.4626090096812907,1.4247796996046453,2.2432235687475117,2.2077729619402264,2.148174476881898,4.22944889327691,-0.2804363187242519,12.555995992282359,4.265508533942038,4.191156219257293
10.0,70,47.61610198020935,0.40967899272644553,1.4764186811270146,1.4626089852885709,1.4247798342304212,2.243223024984342,2.207773021672023,2.1481746688727403,4.229368596443437,-0.2804248222476527,12.556571790206334,4.265411764884989,4.191093562722024
10.0,71,39.646188259124756,0.40967886860190306,1.4764184401459628,1.4626090199935238,1.4247796792946643,2.243223713415461,2.20777295579747,2.1481744539311034,4.229467282414533,-0.28043934827802414,12.555886544315248,4.265529460739142,4.191171891255244
10.0,72,47.56965661048889,0.4096791108064586,1.47641890517693,1.4626090143848502,1.424779925529767,2.2432226458722253,2.207773044323878,2.148174789636748,4.229319308590419,-0.2804180078484625,12.55681268845516,4.265354089846766,4.191053256083056
10.0,73,315.2124161720276,5.293328788107197,1.4482708377786604,1.3995997837715692,1.4348933220716626,2.157467911016377,2.253847844151024,2.2206987590200438,16.370304988284595,0.7195038354125898,27.21466692410163,18.212379422212823,14.174983981418487
10.0,74,50.1707968711853,0.40967869471439516,1.4764180667574882,1.4626089166292757,1.4247796153810794,2.243224194371786,2.2077730340920825,2.1481743235284494,4.229558266274225,-0.2804485870085057,12.556068250864717,4.2656204098517065,4.191262919616345
10.0,75,45.720017433166504,0.40967888374916234,1.4764184887070098,1.462609009161199,1.4247797071995383,2.243223562877652,2.2077729724945465,2.14817449000493,4.2294477954584355,-0.28043634063503536,12.556031529074568,4.265506577784708,4.1911560408940325
10.0,76,216.73939967155457,5.260232810282265,1.3705275467161042,1.3850717213171686,1.3750115453941911,2.157467911016377,2.2287921058391,2.1671781192649706,16.61444713441319,1.7680675491309763,27.21466692410163,17.27801751526307,15.886035748999756
10.0,77,52.192002296447754,0.4096788837354076,1.4764184725654417,1.4626090124449111,1.4247796968133326,2.243223609860243,2.207772959711457,2.148174473528656,4.229454214770091,-0.2804370527910672,12.555972199578086,4.265513994142925,4.191161392577683
10.0,78,54.984426736831665,0.4096788622860584,1.4764184265628375,1.4626090279557438,1.4247796594384252,2.2432237720471804,2.2077729336954475,2.148174418805112,4.229477180379666,-0.2804402855188343,12.555769073329667,4.265541814277985,4.191179159337671
10.0,79,45.74506902694702,0.40967914229559044,1.4764189211449978,1.4626089990627273,1.4247799878550178,2.24322258299444,2.2077731061846015,2.1481748424440017,4.229325737482905,-0.2804172691606219,12.557115909168347,4.265351268670844,4.191069595000641
10.0,80,57.64993762969971,0.4096788895287906,1.4764184867912717,1.4626090098516809,1.4247797077686413,2.2432235680892973,2.207772966988718,2.148174487258718,4.229448917221139,-0.2804362420822476,12.556021123392588,4.265507437318665,4.191157443673414
10.0,81,65.18285655975342,0.40967889444535915,1.4764184941197498,1.4626090012221202,1.4247797138076284,2.2432235188938976,2.207772971038264,2.148174497433449,4.229441575411405,-0.2804350990659711,12.556082581475259,4.265498866722282,4.191151417681507
10.0,82,35.04355716705322,0.40967880640870424,1.476418265286867,1.4626089355562641,1.4247797124196382,2.243223824664281,2.207773054712289,2.148174448966527,4.229505607266975,-0.28044159420543263,12.556335288950374,4.265558022926371,4.191220677955902
10.0,83,54.84221267700195,0.40967887160741717,1.4764184568144203,1.4626090189073755,1.4247796798185777,2.243223669955986,2.2077729502373225,2.1481744512797176,4.22946216141401,-0.2804383904637604,12.555887280609152,4.265524382722729,4.191166723795979
10.0,84,54.68311595916748,0.40967911208444896,1.47641887561416,1.4626089895527568,1.424779942943132,2.2432225783369186,2.207773037649068,2.148174828471743,4.229297163059327,-0.2804148078483782,12.556924590272612,4.26532774323149,4.191035609371635
10.0,85,47.643091917037964,0.40967855467792375,1.476417776155793,1.4626088773200043,1.4247795246627004,2.243224723296484,2.2077730596776917,2.1481741894678374,4.22964340428252,-0.2804594470099854,12.555924102977988,4.265712386976836,4.191340737634163
10.0,86,354.1205167770386,5.293327317227364,1.4482711823976515,1.3995994880392189,1.4348902625005155,2.157467911016377,2.253845127324888,2.2206988948739252,16.37146348265056,0.7203407431773542,27.21466692410163,18.21355048723841,14.176146419737748
10.0,87,144.4345920085907,6.050976962519517,1.3649002182245664,1.509811290673848,1.4694434558540066,2.3174679110163723,2.2780248128118274,2.1984728859125022,15.060640889519659,-1.4003212368120987,27.21466692410163,13.728278442954034,16.346222283635257
10.0,88,37.81178402900696,0.40967879378095534,1.4764184152775768,1.4626089970165574,1.424779615642499,2.243223639679164,2.2077729201730407,2.148174416385277,4.229440487338447,-0.280437314363003,12.555754051935988,4.26551095780517,4.19113621058871
10.0,89,45.23643350601196,0.40967910236294186,1.4764188694136364,1.462608988364588,1.4247799315127485,2.243222588286081,2.2077730341860855,2.1481748170638553,4.229298068143628,-0.2804152484926227,12.556895282053027,4.265330230321362,4.19103481973924
10.0,90,85.0552487373352,0.4096791131268815,1.4764189146040758,1.462609019106237,1.4247799280382323,2.243222640471993,2.207773044671692,2.1481747963751356,4.229316947315996,-0.28041799232750947,12.556804567542786,4.265351893786015,4.191050717627781
10.0,91,73.11705565452576,0.40967904125137133,1.4764187488006826,1.4626089901189248,1.4247798714826203,2.2432228782788,2.207773022703034,2.1481747298950085,4.2293426556605285,-0.28042154813423625,12.556677009133614,4.265381714298096,4.191072022684367
10.0,92,62.46325707435608,0.40967899948449965,1.4764186820554006,1.4626089881093645,1.424779836653912,2.2432230311748436,2.2077730193581853,2.148174674643731,4.229368427230987,-0.28042486414905254,12.556566437157494,4.265411284264581,4.191093727106524
10.0,93,69.34179091453552,0.4096788846699374,1.4764184790016819,1.4626090140841557,1.4247797041989492,2.2432236013480646,2.2077729692533468,2.148174489621101,4.2294506872706235,-0.28043707614898533,12.556001453142047,4.2655099754349335,4.191158391030521
10.0,94,47.3671875,0.4096790448714291,1.4764187667409656,1.4626089865941254,1.424779881860069,2.2432228267321275,2.2077730286990667,2.1481747388441566,4.2293372519152586,-0.28042034248059394,12.55672984383233,4.265374758998249,4.191068280679879
10.0,95,44.641162633895874,0.40967882903725744,1.4764183761549095,1.4626090200216302,1.4247796412272955,2.2432238745390998,2.2077729443245317,2.14817437870022,4.229501529516263,-0.2804423591524175,12.555746077762945,4.26556708787568,4.191202520039172
10.0,96,54.62561082839966,0.40967889664488266,1.4764184908732998,1.4626090019069633,1.4247797142594611,2.2432235281657555,2.2077729701733873,2.148174497223311,4.229443576699415,-0.2804352523289246,12.556078442378535,4.265500674611391,4.191153626318609
10.0,97,66.98393845558167,0.40967889418067416,1.4764184893950618,1.4626090039811273,1.4247797128998971,2.243223538799892,2.207772971895125,2.1481745004293358,4.229443347700263,-0.28043557237122446,12.556072535786182,4.265500765962552,4.191153054108467
10.0,98,42.60841917991638,0.4096788941999388,1.4764184966787457,1.462608999027944,1.4247797160717965,2.243223505233705,2.2077729746085835,2.1481745012321176,4.229440132479825,-0.2804348816478502,12.55610270902991,4.2654970757356745,4.191150347507393
10.0,99,44.35856103897095,0.40967883920477904,1.4764183435337588,1.4626090179470634,1.4247796645137611,2.2432239489977954,2.2077729666722505,2.148174397918311,4.229514955998379,-0.28044372990856103,12.555816857558947,4.265577217860065,4.1912194791580815
15.0,0,60.092405557632446,0.40967909793888535,1.4764188442421675,1.4626089914269547,1.4247799288088694,2.2432226582560713,2.2077730360617744,2.1481748102404734,4.2293085177808925,-0.2804167854595262,12.556861329189395,4.265341272329665,4.191044635608604
15.0,1,51.90867328643799,0.4096788608279435,1.4764184197119823,1.4626090170589467,1.4247796730948894,2.2432237518278746,2.2077729541888003,2.148174435095651,4.229475479662636,-0.2804400560531168,12.555866422986218,4.26553820872039,4.191179499154715
15.0,2,62.92152190208435,0.40967908450200674,1.4764188251624266,1.4626089882846867,1.4247799124959717,2.243222690891475,2.2077730281810655,2.148174785998129,4.229314664370562,-0.28041739810624505,12.556817679642537,4.265348973014539,4.191049117798622
15.0,3,57.70188331604004,0.4096785682488162,1.476417750443262,1.4626088773349692,1.4247795638466252,2.243224787732027,2.20777305734563,2.1481741566052537,4.229659798978779,-0.2804597018423493,12.555932652547224,4.265725375238882,4.191360782984403
15.0,4,136.02163910865784,3.0648674213786227,1.5249002182245666,1.396858857194237,1.4415913130953695,2.1981559977079392,2.224595764091841,2.223453243102217,17.127624396444375,-1.8041878808450018,30.07158608491428,17.23555592075048,17.0132725637106
15.0,5,54.95704650878906,0.4096788415813036,1.4764183959928754,1.4626090144411141,1.4247796558030643,2.2432238010875944,2.207772953956376,2.1481744155626075,4.229484169982741,-0.28044110946482737,12.555832444302736,4.265548383807885,4.191186599527556
15.0,6,42.81247520446777,0.4096788838185322,1.476418475285064,1.4626090044581492,1.4247797064384027,2.2432235763021193,2.2077729730644986,2.148174487584078,4.229450260939233,-0.28043647822273604,12.556045624222211,4.265508626012528,4.1911589535771805
15.0,7,72.6171383857727,0.4096788705870359,1.4764184592698923,1.462609004396384,1.4247796931668162,2.24322361491783,2.20777296870013,2.1481744683405286,4.229456705812806,-0.2804372508818096,12.556003296853701,4.265516462599783,4.19116390801596
15.0,8,72.91704487800598,0.409679000936622,1.476418698186507,1.4626089820003272,1.4247798445860456,2.243222974210929,2.207773024296312,2.1481746789268263,4.229363014899504,-0.2804236872389457,12.55661496664439,4.265404791290894,4.191089472031213
15.0,9,51.79862928390503,0.40967852968117247,1.4764176955439055,1.4626089020445416,1.4247795013630065,2.243224948585122,2.2077729983264285,2.1481741048683785,4.229666138112744,-0.2804624799811391,12.555627096336261,4.265740387868079,4.1913578306233585
15.0,10,58.28760886192322,0.4096788495794345,1.476418402778049,1.4626090326270738,1.4247796445858116,2.2432238408795397,2.20777293477816,2.148174420102727,4.229479772423337,-0.28044204195698214,12.555726647631385,4.265546513513781,4.191179494135628
15.0,11,127.55139780044556,0.40967889272076724,1.476418482190483,1.462608998195367,1.4247797152894197,2.243223536497409,2.2077729750303794,2.148174495946972,4.229445508540139,-0.2804354061400674,12.556096874740817,4.265502281228114,4.191155906727624
15.0,12,66.1435399055481,0.4096790727795544,1.4764188181156908,1.4626089863203582,1.424779910142726,2.2432227040358286,2.2077730351717078,2.1481747773773687,4.229318831171026,-0.2804178300955576,12.556823198346766,4.26535344862042,4.191052954110789
15.0,13,65.64437079429626,0.409679029652993,1.4764187463625642,1.4626089840423,1.4247798741721343,2.2432228686407787,2.2077730327412866,2.1481747213163525,4.2293464395918265,-0.280421434200677,12.556708875141421,4.26538498063859,4.191076361410406
15.0,14,42.740241050720215,0.40967853137778754,1.476417693518981,1.4626088573181408,1.4247795265753276,2.2432248524835363,2.2077730834384517,2.148174158642109,4.22967297765842,-0.28046169200018856,12.55599090421788,4.265739818099339,4.191372608391118
15.0,15,50.10848832130432,0.4096790447718446,1.476418768861162,1.462608995082772,1.424779871524251,2.2432228462339925,2.2077730195655367,2.1481747394503268,4.229334104109179,-0.2804212557586408,12.556660325645026,4.265374265386574,4.191062289196767
15.0,16,239.411376953125,5.868242761633046,1.3672068412684466,1.5065589949123868,1.4184521621491897,2.232083892678421,2.2446900632993367,2.223453243102217,14.733274234677884,0.45951608887722256,32.3032536010657,13.946061413660704,15.518838871077381
15.0,17,55.229923248291016,0.40967888416723036,1.4764184853416773,1.4626090045482212,1.4247797080856914,2.2432235529751625,2.207772974096941,2.1481744921174943,4.2294460005743835,-0.2804360768184648,12.556054992041892,4.265504402645042,4.191154653236207
15.0,18,47.66447067260742,0.40967934180665383,1.4764193001094976,1.4626090321629286,1.4247801572246783,2.2432218568302207,2.207773144537053,2.148175073021433,4.229224914692102,-0.28040298786792833,12.557621237352798,4.265233092857765,4.190987354178916
15.0,19,47.56335783004761,0.4096788645896302,1.4764184507812212,1.46260900788034,1.4247796858841157,2.2432236465757565,2.2077729677042885,2.148174465164473,4.229458955758208,-0.28043813053301864,12.555970686369376,4.265519967378753,4.1911648138306665
15.0,20,245.3921799659729,5.38674330134099,1.4376187521692514,1.4710466174757075,1.3094434558559715,2.317467911016377,2.2509308762834483,2.166545241796152,17.181704017364495,-5.344570602966421,30.071586084311303,16.03719388882731,18.309323779682437
15.0,21,62.92282247543335,0.409678853545157,1.476418424609288,1.4626090175260684,1.4247796611447372,2.243223740273464,2.2077729469997847,2.148174426801755,4.229472031692152,-0.28043990321843243,12.555836845974406,4.265536267893542,4.1911744362942125
15.0,22,62.79801368713379,0.4096788913883963,1.4764184894950132,1.4626089980933072,1.4247797152033392,2.243223518901711,2.2077729770978634,2.1481745013357822,4.229441756567891,-0.28043519499559,12.556105975361708,4.265498709035851,4.19115196185634
15.0,23,98.03517770767212,0.4096790667937233,1.4764188282522785,1.4626090084142025,1.4247798884856508,2.2432227958742916,2.2077730357215017,2.1481747397140443,4.229340392013635,-0.2804209759391946,12.556700676083993,4.265378995541173,4.191070246413812
15.0,24,192.8093695640564,4.848242649254713,1.3917622546204924,1.3808693811679882,1.3774702359241466,2.1574679110163824,2.264893776171843,2.175196318357615,18.765333452772293,1.1126568020528922,32.3032536010657,19.232664056164683,18.260490150523406
15.0,25,39.771493911743164,0.40967884782947456,1.476418403895636,1.4626090182697413,1.4247796567316715,2.243223792060586,2.207772949309812,2.1481744225826236,4.229478684935324,-0.2804410416506911,12.555818612780863,4.265543420881997,4.191180554688452
15.0,26,163.6047339439392,5.001370400511549,1.5249002182245666,1.4425747335271273,1.4197958350281847,2.300095017568008,2.2534440549319354,2.162239298139425,13.932221314396639,-0.3022640832876207,32.3032536010657,15.129253661431283,12.549435953651367
15.0,27,500.7142765522003,4.83466050928986,1.5249002182245666,1.44818863864832,1.4194770588336592,2.1809740072859936,2.2609698199106245,2.1057406579784126,16.282838634940294,2.520926453061372,32.3032536010657,13.759283513582213,18.572397275053618
15.0,28,57.55318474769592,0.40967905236850427,1.4764187692396102,1.4626089912893299,1.42477988269577,2.2432228344648357,2.2077730246097844,2.148174744870712,4.229336107566253,-0.2804206783489334,12.556705799964806,4.265374148584364,4.191066564237664
15.0,29,196.763329744339,4.5626945984070275,1.453269669978996,1.4810098233042939,1.3094434558559715,2.317467911016377,2.2569603649597227,2.218921421296074,13.575939530192505,-2.8548068412411456,30.07158608491424,14.083511054955098,13.020295004883009
15.0,30,156.4916431903839,5.83020974317755,1.3649021812487756,1.5075664651316745,1.418007448575352,2.2392126191805093,2.2404673012401077,2.223453243102217,14.649837455300665,0.16020379921246758,32.3032536010657,14.14647349782896,15.161650918139593
15.0,31,68.12188291549683,0.4096788829298298,1.4764184775086013,1.462609008227508,1.4247797060140186,2.2432235853128515,2.207772972854934,2.148174487111076,4.229451227224962,-0.280436736549171,12.556028438325303,4.265509982944917,4.191159501438458
15.0,32,62.94867920875549,0.4096790132144426,1.4764187133838607,1.462608987835674,1.4247798533697948,2.243222956724046,2.207773024712057,2.148174697230447,4.229356663625971,-0.280423398293988,12.556622816009085,4.265398011921569,4.191083578867787
15.0,33,118.04284977912903,0.40967906639284474,1.476418794508668,1.4626089925761516,1.4247798965063023,2.2432227794566004,2.207773027410159,2.148174764048234,4.229327295747348,-0.28041952161554873,12.556746858233625,4.265363983953179,4.19105920097515
15.0,34,99.74147391319275,4.928265639738051,1.3939917171512044,1.3728413455071216,1.429605084488837,2.2437392841962387,2.2868387677569606,2.2234532431021994,19.41582163979252,-0.571801283760856,32.3032536010657,19.873357274076927,18.92225712740792
15.0,35,321.8240759372711,5.461453827711823,1.398268837769456,1.3828678688467115,1.3666419121518287,2.1660470384687693,2.2762507189594605,2.223453243102217,18.96373462017433,0.4034262632632594,32.3032536010657,20.01990575219723,17.78434183043634
15.0,36,57.585132360458374,0.40967887818131754,1.476418465721721,1.4626090085653667,1.4247797005366214,2.2432236134237926,2.2077729717582923,2.14817448192564,4.229454007265737,-0.2804373620220633,12.556010444892893,4.265513442147811,4.191161554111589
15.0,37,140.3980255126953,7.454503869720708,1.3649002182245775,1.4391720509608201,1.4694434558559717,2.244901633073379,2.2457881803896598,2.116723602194434,19.16327038677219,0.6628661327488374,32.3032536010657,19.279076731063533,19.040608062908117
15.0,38,52.37940764427185,0.40967887349566984,1.4764184721032958,1.462609002522721,1.4247796994503394,2.2432235772471065,2.2077729743337415,2.1481744826302833,4.229449669616216,-0.2804365696590026,12.55604316604361,4.2655087075425335,4.191157641376026
15.0,39,62.66328263282776,0.40967888662331897,1.4764184850034516,1.4626090077290397,1.4247797134582023,2.2432235665775613,2.2077729788008775,2.1481744977016293,4.229448304525623,-0.28043647895198615,12.556057922136729,4.265506366490436,4.191157321728708
15.0,40,89.70261812210083,0.409678884713272,1.4764184798141657,1.4626090049869402,1.4247797048175095,2.243223566517074,2.2077729697507493,2.1481744866958206,4.229447604149906,-0.2804363210851623,12.55603641202231,4.265506431552795,4.191155801279396
15.0,41,113.3053731918335,0.409678876345534,1.4764184564282032,1.462609012051189,1.424779690384381,2.2432236458163226,2.207772961955965,2.14817446942793,4.229458339903054,-0.2804379881224626,12.555956778361624,4.265519012400751,4.191164561230653
15.0,42,64.17325901985168,0.40967905047385933,1.4764187671997924,1.4626089895666765,1.4247798809486747,2.2432228323124153,2.2077730253731005,2.1481747453386664,4.229335192257648,-0.28042069102748135,12.556711335946943,4.265373373447187,4.191065498691031
15.0,43,46.562161445617676,0.4096789743229705,1.47641865059712,1.4626089848174504,1.4247798188185423,2.243223095835093,2.2077730225367884,2.148174650366673,4.229379290326156,-0.2804265136810346,12.556526143117905,4.265424263473019,4.1911023240824985
15.0,44,51.90279769897461,0.40967901330343937,1.4764187159947035,1.4626089835751332,1.424779854419867,2.2432229368023577,2.2077730244431444,2.1481746925181207,4.229357155334565,-0.2804228211510387,12.556640880430534,4.2653978236734105,4.1910847990507465
15.0,45,54.65744733810425,0.4096790014143383,1.4764188903037776,1.462609075390792,1.4247797374081368,2.2432228112376174,2.2077728598688227,2.148174619666598,4.229298107072709,-0.28042033408359823,12.555849848455928,4.265362187745679,4.1910006643813364
15.0,46,166.10163116455078,3.3207907406244885,1.505107044884763,1.4219269874218432,1.459984437974213,2.243851622698429,2.2159871486877663,2.223453243102217,15.774419112629278,-2.652048874803369,32.30325360106569,17.531402168053113,13.683371383071467
15.0,47,65.10417437553406,0.4096790697687596,1.4764188266365854,1.4626089836199774,1.4247799096063314,2.2432226751573516,2.2077730357155514,2.1481747782440115,4.229314168286699,-0.28041719254424097,12.556839558375794,4.265348717342704,4.191048364123438
15.0,48,44.39730405807495,0.40967895422555034,1.4764187436789222,1.4626090500551983,1.4247797224645413,2.243223064104308,2.207772877089097,2.1481745518042303,4.229345432466476,-0.28042506945442985,12.555850203256686,4.2654090600966725,4.191048478909237
15.0,49,214.2742838859558,0.40967889430945936,1.4764184813374162,1.4626090028766494,1.4247797158533868,2.243223554821318,2.2077729760465434,2.1481745008995,4.229446589965415,-0.2804359455561939,12.556081146477386,4.265503724221603,4.191156600889831
15.0,50,64.50059294700623,0.40967888883641546,1.4764184782238627,1.4626089989303563,1.4247797101530213,2.2432235479069433,2.2077729740609255,2.1481744934559437,4.229446705635668,-0.2804357002338884,12.556083641816725,4.2655040000350475,4.191156545007244
15.0,51,139.4141263961792,3.0648703444167964,1.5249002182245666,1.396857928305993,1.4415942286472683,2.1981528205669245,2.2245977520156544,2.223453243102217,17.12775224610712,-1.8044394755908542,30.07158608491428,17.23592688115559,17.013141165621974
15.0,52,47.767768144607544,0.4096788615675638,1.4764185891601274,1.4626090460877252,1.4247796345836987,2.2432233857584096,2.207772846663007,2.148174446728143,4.229384991668599,-0.28043169701546017,12.555553814639081,4.265458575505496,4.191077375086297
15.0,53,193.66412448883057,4.562699967692339,1.4532668461153515,1.4810078667828976,1.3094434558559715,2.317467911016056,2.2569597581150167,2.2189128209775273,13.575995567883606,-2.8547565515715196,30.07158608488322,14.083652439219245,13.020253959310944
15.0,54,92.3016004562378,4.928254546895669,1.3940016015928844,1.3728398913329243,1.4296093903633083,2.2437391630138777,2.2868413827660277,2.2234532430993235,19.41533596297303,-0.572166613203479,32.3032536010657,19.872953137874465,18.921680996935972
15.0,55,53.0927369594574,0.4096790132453887,1.476418670479409,1.462608966243134,1.4247798831430827,2.2432230289313133,2.207773096867556,2.1481746976959957,4.229394109912603,-0.2804257336797164,12.556878318166884,4.26542886873215,4.191128087415258
15.0,56,63.895514488220215,0.4096786504360855,1.4764178849072194,1.4626088627510647,1.4247796392466276,2.2432244579952956,2.207773131221689,2.1481743050049174,4.229623559831412,-0.28045420492917555,12.556399228626642,4.265677168127075,4.191337362275624
15.0,57,49.57803773880005,0.4096790659396972,1.4764188145480444,1.4626089838223784,1.4247799057884747,2.2432227041764414,2.207773035244937,2.1481747709181547,4.2293203523502445,-0.2804179141551306,12.556818090172683,4.265355341299017,4.191054077426765
15.0,58,189.21838808059692,4.848245556919293,1.3917596128334768,1.3808677629860884,1.3774718100638252,2.157467911016377,2.264893304934593,2.1751909690912923,18.76555198799062,1.11273424921805,32.3032536010657,19.232857203681743,18.26073698691571
15.0,59,67.32427501678467,0.40967899350755804,1.476418687673618,1.4626089859091957,1.4247798377075835,2.2432230114963794,2.2077730259729544,2.148174678181486,4.229365497401915,-0.28042474161988806,12.556586355240382,4.2654085465566025,4.191090591224586
15.0,60,336.65647888183594,5.058804340603261,1.4587565901312158,1.3841882643499088,1.4485044188233298,2.157467911016377,2.2815008670068213,2.133289692025372,19.648808905511203,0.26349029743375596,32.3032536010657,21.268852570704084,17.78478085525529
15.0,61,55.27249050140381,0.4096790008736427,1.476418696815038,1.4626089840957723,1.4247798469072859,2.2432229858033477,2.2077730275145324,2.1481746822005405,4.22936429733405,-0.2804239542805024,12.55661652321855,4.265405936412008,4.19109090167162
15.0,62,162.99460911750793,0.40967887704543443,1.4764184548927077,1.4626090117009618,1.4247796926396998,2.24322364909608,2.2077729628230616,2.148174468049362,4.229459350915172,-0.2804380082599594,12.555960267154585,4.2655197963808655,4.1911658155443705
15.0,63,62.670998096466064,0.40967900778896715,1.47641871097015,1.462608983879033,1.4247798521322823,2.2432229510918837,2.2077730264748543,2.1481746882306645,4.229359691145468,-0.28042320965846856,12.55663217650723,4.265400764701487,4.191086900956642
15.0,64,66.20843982696533,0.4096788806972932,1.4764184716064293,1.4626090041296393,1.4247797044498336,2.2432235842283905,2.2077729735631975,2.1481744854464626,4.229451234161353,-0.28043664207406305,12.55604235208139,4.265509805004164,4.19115970643522
15.0,65,132.73688578605652,4.84824388509129,1.3917600983337588,1.3808675249101054,1.3774705112853427,2.1574679110166515,2.2648931634110046,2.175192238885475,18.765560590225224,1.1127284093311685,32.3032536010657,19.232796497489236,18.260822435036136
15.0,66,57.23229360580444,0.40967900735895074,1.4764187049491195,1.4626089828667477,1.4247798491422417,2.2432229605488625,2.2077730248185947,2.148174687442567,4.229360092722695,-0.2804233779702433,12.556627984992492,4.265401371530642,4.191087082680326
15.0,67,188.76889634132385,5.8682571508670405,1.3672030544233207,1.5065534262432403,1.4184496771057182,2.232076852029797,2.2446924660016347,2.223453243102217,14.734197572444604,0.45974906352260175,32.3032536010657,13.94691183041088,15.519833751728223
15.0,68,61.558263063430786,0.4096789997797121,1.4764186968135724,1.4626089837777654,1.4247798445256552,2.2432229836682263,2.2077730264097917,2.1481746812077507,4.229363678035633,-0.2804239690439333,12.556612014139082,4.265405603989623,4.191089974994415
15.0,69,59.751033306121826,0.4096788522914979,1.4764184041873607,1.4626090139435406,1.424779677432233,2.2432237844483995,2.207772963417747,2.148174422581611,4.229487312383417,-0.2804405182786748,12.555883107931226,4.26554886818888,4.191192589734931
15.0,70,49.82753920555115,0.40967900510934274,1.4764187025032043,1.462608981713455,1.4247798514283536,2.2432229642349624,2.2077730300245935,2.1481746891873987,4.22936149575985,-0.28042348377099724,12.556644427638878,4.265402383537591,4.1910889047387485
15.0,71,190.7577784061432,0.4096790807855269,1.4764188527068107,1.462609010150399,1.4247799031275508,2.243222748616618,2.2077730432199143,2.148174760215237,4.229333919243358,-0.280420138958303,12.556750749570105,4.26537101680322,4.191065386461602
15.0,72,70.12315440177917,0.40967889244025707,1.4764184766392832,1.4626089987523325,1.4247797126139623,2.2432235490869945,2.207772974177207,2.1481745004516486,4.229444158610812,-0.28043557190683954,12.556096017561213,4.265500999619323,4.19115448349829
15.0,73,145.44248867034912,3.32079924148085,1.5051084294105286,1.4219263915351177,1.459990185908908,2.243851314348073,2.215988010459307,2.223453243102217,15.774736058590737,-2.6520541608656196,32.30325360106569,17.531501434025405,13.683987492850353
15.0,74,57.78594207763672,0.4096790013207895,1.4764187005342582,1.4626089825440518,1.4247798443498718,2.2432229704056157,2.2077730236442012,2.148174679064545,4.229361764099817,-0.28042365943823006,12.55661192495375,4.26540379281581,4.1910879508170975
15.0,75,47.6310920715332,0.40967899939387664,1.4764186918789364,1.4626089849344857,1.424779839588485,2.243222997441888,2.207773021173528,2.1481746760888734,4.229364746007728,-0.28042423621218343,12.556587450736655,4.2654073232619485,4.191090345315971
15.0,76,47.46282386779785,0.40967899870659463,1.476418687499602,1.4626089861074165,1.4247798391511954,2.243223012024692,2.2077730224428596,2.148174678260817,4.229365769169068,-0.2804245682082861,12.556583751543318,4.265408474608108,4.191091231235043
15.0,77,72.80988383293152,0.4096789910391904,1.4764186686730498,1.4626089878980348,1.4247798298565024,2.2432230621847227,2.2077730187270586,2.148174662193154,4.229373838065459,-0.2804256384600658,12.556539124965154,4.265417735802548,4.191098023470389
15.0,78,40.03058576583862,0.40967897432472267,1.4764186485989301,1.4626089803141187,1.4247798183925744,2.243223085194182,2.2077730194995775,2.148174642165407,4.229380112745369,-0.28042599959060127,12.556536612336204,4.26542453397536,4.191103737834883
15.0,79,90.33532571792603,4.929123395402611,1.5249002182245666,1.3641433802447611,1.382734781707961,2.1668072602105144,2.207475650361863,2.063453243102217,17.14977742499922,1.9110380112492646,32.3032536010657,16.34913341584721,17.954029740262037
15.0,80,57.97872018814087,0.4096788877651508,1.4764184814397114,1.4626089969394207,1.424779715397577,2.24322353580484,2.2077729794958847,2.1481744946359207,4.2294465387591265,-0.2804354965688021,12.556106034501266,4.265503335452142,4.191156911312284
15.0,81,62.46726846694946,0.40967883523268755,1.4764183874483507,1.462609024743998,1.4247796344647776,2.2432238522475716,2.2077729317199917,2.1481743906939696,4.2294866836407685,-0.2804421492983884,12.555711703241201,4.265554243218906,4.1911855290524365
15.0,82,150.99200415611267,5.868286829331846,1.3672069989985276,1.5065576018133537,1.4184580572289403,2.2320739312285376,2.2447054394473906,2.223453243102217,14.734453949420086,0.4591427689935652,32.3032536010657,13.947171184318808,15.520088024407537
15.0,83,57.52817988395691,0.40967897579717494,1.4764186558861159,1.4626089845594095,1.4247798202354875,2.243223082740315,2.207773020274623,2.148174646797384,4.229378186887707,-0.2804261664791393,12.556525070105245,4.265423110930846,4.191101273160608
15.0,84,150.82458758354187,3.0648717655215507,1.5249002182245666,1.3968575202831837,1.4415938561264123,2.198152022658951,2.224599191838314,2.223453243102217,17.12773853514575,-1.8044594402104577,30.07158608491428,17.23595598775526,17.01308179262377
15.0,85,47.3053822517395,0.40967887469144293,1.4764184564162586,1.462609013342983,1.4247796868662703,2.24322364994726,2.2077729570347095,2.1481744601931614,4.2294595002552064,-0.2804379529640267,12.555935878412825,4.265520601995682,4.191165261825161
15.0,86,118.5679042339325,0.40967889376782135,1.4764184870688568,1.4626089984497983,1.4247797137745837,2.2432235244477416,2.207772973533666,2.148174500028502,4.229441473357299,-0.2804352925359299,12.55609459584505,4.265498725283295,4.191151357812435
15.0,87,56.9097056388855,0.4096788769893889,1.476418474544444,1.462609009388292,1.4247797049497755,2.2432235975506405,2.207772977598462,2.148174487313681,4.229452768372058,-0.28043714160120076,12.556028434380224,4.265511779456809,4.19116076913517
15.0,88,356.03286123275757,5.219398826294778,1.4439188820995381,1.3960917334500145,1.4262851549442503,2.157467911016377,2.2662066453559726,2.2234532431022136,17.752936186895077,0.1568392763158411,32.3032536010657,18.220179427400147,17.247431875422816
15.0,89,85.23786044120789,4.934869052627484,1.3954888969382455,1.3864816465853793,1.4600314918275923,2.317467911016354,2.285996849208652,2.198905136819476,18.347973258106375,-2.20592401440167,32.3032536010657,18.761781641275203,17.90205483270368
15.0,90,63.277305126190186,0.40967904906467356,1.476418772172876,1.462608989107497,1.4247798815213195,2.2432228203919515,2.2077730252061447,2.148174742384228,4.229334920251293,-0.280420391933081,12.556712824750067,4.265373022955871,4.191065310743479
15.0,91,89.62939810752869,0.40967896203450715,1.4764187440144538,1.4626090233453104,1.424779748012387,2.243222996581663,2.2077729401837742,2.148174607319657,4.229349017607267,-0.2804243503852776,12.556141770106604,4.265406152424026,4.191059020129398
15.0,92,57.83743929862976,0.4096788794230542,1.4764184676029593,1.4626090031870669,1.4247797076439297,2.2432235925005295,2.20777297777618,2.148174484232748,4.229454923694366,-0.28043670282098854,12.556056546103212,4.265512745632159,4.191164198568785
15.0,93,159.68521785736084,3.3207909096266413,1.5051078688082138,1.4219276551315447,1.4599852378714884,2.2438508004788527,2.215987806934505,2.223453243102217,15.774445776982734,-2.6520600033882826,32.30325360106569,17.53139980522605,13.683437665667913
15.0,94,71.93728470802307,0.40967900866509854,1.4764186920292115,1.4626089897580428,1.4247798418495305,2.243223012259859,2.207773017534392,2.148174683208834,4.229364551492984,-0.280424523010882,12.556570388887259,4.265407169598857,4.191090107021434
15.0,95,144.65440702438354,4.8482441195287675,1.3917604372395274,1.3808679989495458,1.3774708468752428,2.1574679110166506,2.264893320672283,2.175192613687987,18.765474004998566,1.1127164788310522,32.3032536010657,19.232770577869058,18.260668530795172
15.0,96,42.172181367874146,0.4096790852078186,1.4764188500437712,1.462608985941328,1.424779919709994,2.2432226269938247,2.2077730304793777,2.1481747861422305,4.2293086398636,-0.28041604209795007,12.556849709130603,4.265342167056967,4.191043929972872
15.0,97,56.83552694320679,0.409679026052206,1.4764187405117941,1.462608979241361,1.4247798732638621,2.243222865275886,2.207773034100288,2.1481747170028194,4.229347614258695,-0.28042123952183606,12.556724738138682,4.265385788434999,4.1910779291975375
15.0,98,133.1193540096283,5.0013726529239655,1.5249002182245666,1.4425785782007983,1.4197956332536767,2.3000970309398987,2.253444113232703,2.162234456182595,13.932188541128381,-0.3024240482859965,32.3032536010657,15.129133431724295,12.549513843337044
15.0,99,59.39558029174805,0.4096788890553373,1.4764184755890226,1.4626089989553446,1.4247797130167055,2.243223554439215,2.2077729788122302,2.148174499534001,4.229446377695262,-0.280435936345193,12.556096917707702,4.265503488691529,4.191156413521159
20.0,0,64.54416012763977,0.40967911466394635,1.4764188645868985,1.462608994697601,1.4247799399369128,2.2432226215774356,2.207773034651788,2.1481748236126363,4.229302768860099,-0.2804162025189601,12.556872065873378,4.26533505589838,4.191039387068982
20.0,1,241.28128218650818,7.0666925874768545,1.4360255508911097,1.4456476482292588,1.4694434558559717,2.317467911016377,2.2506513098076044,2.223453243102217,20.287256934128976,-1.1385740081468354,37.39184027802975,24.15306883837889,15.189893240180977
20.0,2,59.17039465904236,0.4096787580660081,1.4764184005373109,1.4626090270516277,1.424779546488115,2.2432237384419498,2.2077728305060877,2.148174331354099,4.229435567192383,-0.2804386346766073,12.555317085428275,4.265517842394714,4.191118643465598
20.0,3,95.64236068725586,0.40967844712695184,1.4764177465573907,1.4626089317992608,1.4247793334820171,2.243224902225468,2.2077728863340678,2.148174039914905,4.229622685053209,-0.28046299221738297,12.555025556319467,4.265719985358427,4.191289679605764
20.0,4,77.17352223396301,2.7329777726259623,1.4786131229510047,1.4631989044342844,1.437705812797186,2.237740511015595,2.206676114559687,2.1469281035635195,13.752585862195167,-0.91718665133603,30.465134881495192,13.64284517428134,13.86716418662357
20.0,5,150.31481337547302,4.877180776543319,1.4757816473312955,1.4133004304293566,1.4517095969242977,2.2945536567986577,2.1926199748891957,2.2234532430048666,20.016620401451593,-6.518235819027621,35.07433939587253,20.778593815823754,19.18187107425399
20.0,6,58.04280638694763,0.4096788626238775,1.4764184429640772,1.4626090056404717,1.424779688175514,2.2432236574227638,2.2077729724612984,2.1481744667352354,4.229460784769086,-0.28043825218878343,12.555990756184457,4.265521224449179,4.191167255711098
20.0,7,37.96111607551575,0.40967863658800935,1.4764180279618677,1.462608961946756,1.4247795337224822,2.24322439969637,2.2077729099614523,2.148174183608027,4.22956238635415,-0.28045041525066783,12.55541755576244,4.265640445647329,4.1912499893516495
20.0,8,65.49131679534912,0.40967886399283315,1.4764184367942756,1.4626090188981746,1.4247796665026358,2.2432237136292597,2.2077729445665355,2.1481744378731644,4.229466705186648,-0.2804394209834192,12.555843052481508,4.265530699785933,4.191169368192881
20.0,9,438.957323551178,4.929238603523829,1.4057685449364985,1.366860858776505,1.4050799987209381,2.157467911016377,2.2515966642663092,2.1648963016877953,19.4937211916926,1.2083959246438691,37.391840278029754,19.39653156707785,19.595505302875495
20.0,10,72.76749610900879,0.40967907528008435,1.476418835531907,1.4626089833523828,1.4247799197601119,2.243222654324028,2.207773046108031,2.1481747975881946,4.2293107621847525,-0.28041703841960725,12.556883278674949,4.265344317018321,4.191046022852764
20.0,11,99.73622632026672,3.251103105348694,1.5076969587502944,1.4181069255693082,1.4638541970964285,2.229243614034283,2.2164411991714354,2.223453243102217,17.21492504528605,-2.4386608632385114,37.39184027799572,19.517450661098696,14.398783797524857
20.0,12,52.98378872871399,3.6703698033763663,1.4364734718527792,1.4570817102170839,1.417051145780013,2.31746791101519,2.1816395507546797,2.1421726234520753,13.844588220519338,-3.8878660144866752,35.07433939586151,15.113881779816493,12.368559137776023
20.0,13,50.33427953720093,0.4096789904583331,1.476418682237451,1.4626089837913898,1.4247798361274562,2.2432230182920643,2.2077730248438554,2.1481746684516434,4.229369242633183,-0.28042478747306837,12.556581066036696,4.2654122708521,4.19109435918352
20.0,14,271.5357127189636,3.251105919107405,1.5077026331405945,1.4181073774918298,1.463857344482258,2.229235666293853,2.2164420449184994,2.223453243102217,17.2157250081516,-2.4383261442295603,37.38686355384982,19.51776667309272,14.400296043356343
20.0,15,125.46800446510315,3.7830771926762234,1.4232146579375207,1.4339177592805534,1.4694434558559717,2.317466936497879,2.250651356584492,2.223453243102217,16.744837667137094,-2.9169300262644455,34.96420695754284,17.281864716827616,16.160277794703134
20.0,16,423.9867203235626,4.782203053940594,1.4471495956846907,1.3747617571601767,1.4476873641766088,2.157467911016377,2.27870151900201,2.126680300115276,22.050268350259312,0.9382625396531571,37.39184027802976,22.655948454752593,21.394193790213915
20.0,17,317.41235160827637,4.776002672783303,1.4246086071200836,1.3872088683901882,1.4418676421679728,2.157467911016377,2.2310538570019065,2.1939156142346,20.119090113646013,1.6241635911255223,37.391840278029754,22.843589115824752,16.77991032406061
20.0,18,63.861918687820435,0.4096788710397906,1.4764184609135196,1.4626090057032268,1.4247796933162773,2.2432236149012197,2.2077729694505956,2.148174469938583,4.229456033824467,-0.2804374014142147,12.555999259034532,4.265516115714413,4.191162887689224
20.0,19,44.936827421188354,0.40967873916791747,1.476418126813339,1.4626089218912899,1.4247796622527171,2.2432240832154484,2.20777304176209,2.1481743571026453,4.22954560809327,-0.2804463304038806,12.55617336574592,4.2656030724831435,4.191255273261153
20.0,20,67.38236427307129,0.40967888046786116,1.476418470054147,1.46260899494481,1.4247797069505506,2.243223554317598,2.2077729768315,2.1481744859188727,4.229448815754648,-0.280435800850395,12.556091224126456,4.265506237523029,4.1911585188439755
20.0,21,53.88694095611572,0.409678567305207,1.4764179599619254,1.4626089531109914,1.4247794442041266,2.243224506661747,2.207772901954297,2.1481741565849504,4.2295696275776775,-0.2804542481770819,12.555282021701323,4.265656374624989,4.191247923816329
20.0,22,207.5090627670288,3.968568262210912,1.4859633165231358,1.3767762172205509,1.4632090478905158,2.239794183516414,2.2543796487214016,2.2234532431022167,21.582098721694926,-4.933033766220077,37.39184027802975,19.476068069013486,23.59677484152343
20.0,23,75.02897143363953,4.970276724200112,1.4222557566972998,1.4368620829827898,1.3808384908786506,2.317467911016377,2.2638297993519,2.202688863323019,17.833866564126676,-0.38889959772560573,35.074339395872485,18.01880753556394,17.637096921250393
20.0,24,87.12069702148438,0.40967886082853355,1.4764184313956072,1.4626090135833356,1.4247796761757654,2.2432237096087917,2.2077729629217018,2.148174457820294,4.229464454872326,-0.2804394897790455,12.555917014437393,4.265526981508179,4.191168690338648
20.0,25,72.7240469455719,0.40967867308780503,1.476417994422477,1.4626089134338152,1.4247796152274577,2.243224354645697,2.207773035005216,2.1481742797042633,4.229585498599573,-0.2804514329966544,12.556011672390145,4.265647748450949,4.191290040267689
20.0,26,53.45502424240112,0.40967897145228127,1.4764187249239948,1.4626090228889874,1.4247797731794392,2.2432230475932635,2.207772959841826,2.1481746193831954,4.229358499810292,-0.2804256278183791,12.556213502233527,4.265412631075315,4.191071720807208
20.0,27,92.25051927566528,0.4096790121390764,1.4764187160233246,1.462608987373395,1.42477985667048,2.243222950552497,2.2077730303363,2.1481747019360062,4.229356572092843,-0.2804234114680232,12.556639706912026,4.265397628577225,4.191083799943624
20.0,28,83.4788544178009,0.4096790016516155,1.4764186958501275,1.4626089846167512,1.4247798448506381,2.2432229877097254,2.2077730266419686,2.148174685727809,4.229362780370176,-0.2804241107225688,12.556611970674393,4.265404775780088,4.191089002849345
20.0,29,70.05182933807373,0.4096788849128222,1.4764184613524178,1.4626089978426218,1.4247797070005666,2.2432235824306233,2.2077729760994855,2.148174489701764,4.229450279182441,-0.280436434005095,12.556079083571912,4.265507950934134,4.191159714580543
20.0,30,68.5289855003357,0.40967886374011064,1.4764183906303243,1.4626089513116975,1.4247797549669112,2.243223595676911,2.207773058739108,2.148174520825325,4.229469825080803,-0.2804370864076052,12.556441738677837,4.265518607836416,4.191188784841975
20.0,31,161.0752453804016,4.465630449549835,1.4641855147257163,1.4855151425728708,1.3094434558559715,2.317467911016375,2.2586444428888965,2.2234532429676546,14.48922662173793,-3.619741152349359,35.07433938258245,15.046763623921787,13.878169006835636
20.0,32,69.15658688545227,0.40967899141698777,1.4764186822228371,1.4626089824284234,1.424779836188663,2.243223013140173,2.2077730247948844,2.1481746697987796,4.229368026855996,-0.28042471945563807,12.5565865912647,4.26541108787409,4.19109310817153
20.0,33,57.314871311187744,0.4096787211931281,1.4764179691876007,1.4626088672635011,1.4247797138540346,2.2432243003112404,2.2077731594552437,2.148174377236879,4.229607423086894,-0.28045155943072536,12.556624970452011,4.265652241359813,4.191330640987157
20.0,34,138.33266162872314,4.569896450054131,1.4109228012693682,1.3782708980433938,1.3752266427112776,2.1574825670498945,2.2942153936506955,2.1820536389553378,20.896504098831333,0.6865073711938035,37.39184027802976,21.328643148059513,20.431749142992338
20.0,35,390.1604735851288,5.356958135641206,1.399913654173463,1.3847958854768943,1.3643332345655568,2.157467911016377,2.260891692889262,2.203595242411367,20.536338793707515,1.789210017892214,37.39184027802974,21.06744326642725,19.962021724508055
20.0,36,102.7639832496643,4.740966230382608,1.4950460165031116,1.3790603664259378,1.4355052080136652,2.2174597834663627,2.202500482770318,2.223453243102217,20.630944034684884,-5.149483878528782,35.07433939587253,21.172033809986694,20.045603147908437
20.0,37,124.32406210899353,3.0092167053086127,1.425185697313079,1.4212485629371314,1.4167296612214126,2.2102592766225104,2.1890330122314365,2.1086667775158925,17.38362641570801,-0.9065575649420771,35.07433939587253,15.728461646382828,18.970528544422795
20.0,38,94.88242506980896,0.40967888873601765,1.4764184762465606,1.4626089970355372,1.4247797162340963,2.243223546788988,2.2077729810496423,2.1481744987038494,4.229446159162505,-0.2804357231202808,12.556111230380669,4.265502898659315,4.19115659295984
20.0,39,142.4355285167694,3.2511056405136594,1.5076978035942783,1.4181057812593252,1.4638553479523493,2.229242945801709,2.216440158960631,2.223453243102217,17.214102333979394,-2.438856003682545,37.39184027800026,19.516681108647116,14.397862811965522
20.0,40,282.1549994945526,5.829520976725685,1.364900218224585,1.5081050280277317,1.415043916775714,2.235998080749261,2.249992656881897,2.223453243102217,16.918513334131262,0.6196727508437174,37.39184027802976,16.248487863674534,17.596262292900285
20.0,41,480.29562306404114,5.232711477239792,1.4261574905126766,1.387043784819689,1.4450978365782476,2.157467911016377,2.233354206161043,2.1799475431812745,23.18186064173491,1.2107643429172714,37.391840278029754,25.450868757534952,20.52420065682991
20.0,42,250.09983348846436,4.775997357604344,1.4246097330276706,1.3872083543662586,1.4418616761625513,2.157467911016377,2.2310546658449804,2.1939312375887114,20.11890964418943,1.6242461708865865,37.391840278029754,22.84264700422085,16.78081618111411
20.0,43,94.06653165817261,4.749733033871322,1.5051858927754296,1.3859740716899132,1.4387638648985184,2.2210305180118035,2.2076393417325875,2.223453243102217,19.447039848168348,-5.674377315539263,35.07433939587253,20.125160852944717,18.706690343093953
20.0,44,69.7543261051178,0.4096790248904981,1.4764187274728129,1.4626089902951496,1.4247798601624744,2.2432229311183116,2.207773022980368,2.14817470880647,4.229351798131969,-0.28042295497405956,12.556629304151231,4.265392795967054,4.191079088432136
20.0,45,64.75575566291809,0.4096791004705262,1.4764188727031042,1.4626089884612874,1.4247799283674416,2.2432225791223104,2.2077730312856128,2.148174813122705,4.229296020592429,-0.2804152950990497,12.556877557050402,4.26532921516552,4.191031666027558
20.0,46,46.67237043380737,0.4096791050432374,1.4764190084298865,1.4626090480565885,1.4247798733714263,2.2432224994080596,2.2077729810378046,2.148174787453036,4.229278711219954,-0.2804151302414845,12.556536414677284,4.265322843924803,4.191002637303538
20.0,47,77.19864916801453,0.4096790584425633,1.4764187976932917,1.4626089852760442,1.4247798983283249,2.2432227505470363,2.207773032124226,2.1481747513698295,4.229328627306941,-0.280418990392902,12.556772624311254,4.265365034484936,4.191060833704523
20.0,48,58.602630615234375,0.40967907873610837,1.4764188275776768,1.4626089893675738,1.4247799138036548,2.243222691594368,2.207773033272693,2.148174781857646,4.229316716493846,-0.28041773221914673,12.556813365931575,4.265351516116169,4.19105064410413
20.0,49,288.83419466018677,3.8707659763034847,1.4400359535223968,1.4192941827962287,1.4694434558559717,2.237832262089144,2.2551903929558508,2.223453243102217,18.887858614117878,-1.5605088687349722,35.074339395872514,19.88419076129992,17.778869885069014
20.0,50,262.6061770915985,3.251106333281001,1.507704618799372,1.4181072212248491,1.4638562256735,2.22923219146288,2.2164406475029472,2.223453243102217,17.21558082772271,-2.438265232714052,37.38410113164133,19.517505686971386,14.400314582417414
20.0,51,200.28135657310486,4.593687657972855,1.5249002182245666,1.4232290516875472,1.4114516823037788,2.2445770775109066,2.256747842579126,2.142272844250378,16.812939228588114,0.39672102745138516,37.39184027802976,17.223120639658884,16.370069612588402
20.0,52,71.33934044837952,0.4096789053745963,1.4764185160241607,1.462608993145719,1.4247797370522945,2.2432234397815916,2.2077729897634417,2.148174530479917,4.2294307133937314,-0.28043361351809726,12.55620124307104,4.265485156101299,4.191143606514497
20.0,53,40.46665287017822,0.40967884892994894,1.476418407280489,1.4626090210343314,1.4247796511458137,2.2432237911658772,2.2077729427048305,2.1481744203003412,4.229477060722951,-0.2804411083426739,12.55578935838708,4.265542725133911,4.191177935674609
20.0,54,75.79763579368591,0.409678883183987,1.4764184709337498,1.4626089968980982,1.4247797073076958,2.243223558001013,2.207772976741865,2.148174491148021,4.229446977062906,-0.2804359963714598,12.556086504044703,4.265504734399096,4.191156320509912
20.0,55,120.23074007034302,3.0842912200649732,1.5249002182245666,1.3828894838270294,1.4325144734692985,2.1717404483006675,2.215789349932655,2.223453243102217,19.116949531178143,-1.484564447130195,37.39184027802976,20.7746508795373,17.20026045150675
20.0,56,65.58365273475647,0.40967886975986756,1.476418440137718,1.4626090070893003,1.4247796908705181,2.243223668686352,2.2077729674043782,2.148174461457816,4.229464427042078,-0.2804382720670033,12.555976497329759,4.265524433821292,4.191171362044591
20.0,57,55.14370918273926,0.4096789982436248,1.4764186933681798,1.462608985386365,1.4247798362540824,2.2432229948804143,2.2077730175229595,2.1481746710026055,4.2293638912756375,-0.2804242248099001,12.556571418473402,4.265407139757926,4.1910887714308664
20.0,58,121.2733862400055,0.4096790003110343,1.4764187042197083,1.4626089836762222,1.4247798440594235,2.2432229647603448,2.2077730249553196,2.1481746842585694,4.229359544124244,-0.2804236483545835,12.556613538138919,4.265401728414293,4.191085563998186
20.0,59,102.83224105834961,3.2511089996146763,1.5077019394859301,1.4181071667510412,1.4638596472790135,2.22923886629143,2.216443732714336,2.223453243102217,17.215843257928153,-2.4384523590180196,37.391840277911825,19.518108791877363,14.4000981136081
20.0,60,116.75530910491943,0.4096789838997876,1.4764186717643657,1.462608983724253,1.4247798304259556,2.243223042993554,2.207773024705906,2.1481746607049033,4.229373367145093,-0.2804253065955403,12.55656518613983,4.2654169075646235,4.191097935305821
20.0,61,60.64639353752136,0.40967887547215126,1.476418469830576,1.4626090028757335,1.4247797006954188,2.243223583558937,2.2077729730710045,2.148174479140816,4.229451185025399,-0.28043664991069917,12.556037951010767,4.265510221594415,4.191159158360472
20.0,62,67.33517098426819,0.4096790098355581,1.4764187191728821,1.4626089841392185,1.424779854436072,2.243222931475238,2.2077730284383397,2.148174697397831,4.229354641003458,-0.2804229860597374,12.556644221211911,4.265395828422853,4.191081728429778
20.0,63,57.6538519859314,0.4096789910712436,1.476418690959009,1.4626089840265466,1.4247798359395418,2.2432229976203786,2.207773025245773,2.1481746739601637,4.22936450301825,-0.2804245224195285,12.556586687671903,4.265407828915245,4.191089300288186
20.0,64,189.80791592597961,0.4096789869984122,1.4764186731986542,1.4626089801422153,1.4247798346980345,2.2432230271622196,2.2077730267545173,2.1481746660969923,4.229371275316457,-0.2804248001607114,12.55659565558936,4.26541383426932,4.191096894752544
20.0,65,62.91428351402283,0.4096788530690897,1.476418410137743,1.4626090190557395,1.4247796542101598,2.243223776618608,2.2077729413344405,2.1481744218479095,4.229475551977643,-0.2804405859608183,12.555804629242486,4.2655405181474935,4.191177174840194
20.0,66,69.73277711868286,2.7305403543246882,1.4806663184865478,1.46364602511269,1.4391105847455938,2.238076044820518,2.2055114161226497,2.1582425169355703,14.237845085802332,-0.7624742026025264,29.26773424350535,13.873013119347705,14.612041203662441
20.0,67,37.94456338882446,0.4096791359390699,1.4764187934295232,1.462608964412104,1.4247800453473394,2.243222778775096,2.2077731612007194,2.1481748010778747,4.2293786424300155,-0.28042027595806873,12.557347074440962,4.265394903729646,4.1911324348678605
20.0,68,75.77601289749146,0.4096789964849147,1.4764186991621917,1.4626089819320716,1.424779843022306,2.243222971771497,2.2077730280212227,2.1481746827095822,4.229361294082744,-0.2804238147518464,12.556621560817167,4.265403404743136,4.1910873929757075
20.0,69,97.66241550445557,2.942040461338503,1.5249002182245666,1.3836638111530526,1.4338775490874298,2.175035690927749,2.2213129611351254,2.223453243102217,18.81106605430928,-1.3326817962645798,35.07433939587253,18.880232471068958,18.73798348226594
20.0,70,154.93865871429443,0.40967898977001155,1.4764186772658983,1.4626089845418926,1.4247798337485733,2.2432230315250576,2.207773022475424,2.1481746649877986,4.229370751413982,-0.2804249658185938,12.556569681469623,4.265413939929554,4.191095696359502
20.0,71,211.51530480384827,6.010452556275833,1.3649002182245664,1.4998109876842671,1.3934134609787188,2.2292190755481163,2.2155316352429577,2.223453243102217,16.019899621687024,0.9995963491362716,37.39184027802976,16.0523639456089,15.985655423111293
20.0,72,87.11518287658691,6.260865820142548,1.3756803716373636,1.5061253567478818,1.3905202217173602,2.193688653975272,2.243988880648414,2.223453243102217,19.169796192380726,2.2604490895447347,37.39184027802976,21.889577688253816,15.809208057726469
20.0,73,54.39355969429016,0.40967883992845033,1.476418402598981,1.4626090088499002,1.4247796642038992,2.243223766385502,2.20777296644599,2.148174429974701,4.229478310390474,-0.28044064329108825,12.555894823439282,4.265541632693708,4.191181694560795
20.0,74,245.9653856754303,4.978918421250481,1.4353750499357054,1.4007105434071063,1.4350753074775,2.157467911016377,2.154651309812529,2.223453243102217,18.73705308309564,-2.704554737258266,37.391840278029754,20.97325725875299,16.05001847920613
20.0,75,42.49264144897461,0.409679088198606,1.4764188422115692,1.4626089885221467,1.4247799238289138,2.2432226540819826,2.207773036265157,2.1481747989303988,4.229309880297331,-0.28041677296257345,12.556856877062767,4.26534318250767,4.19104541152827
20.0,76,251.89506435394287,4.58745022029282,1.5249002182245666,1.4253982714940194,1.4228693565609252,2.2504525450538866,2.2568502438445046,2.1302596033928114,16.80641071626856,0.49157319609850975,37.39184027802976,18.04722696434104,15.392606193856079
20.0,77,57.44948625564575,0.4096790830032188,1.4764188372568525,1.4626089846362063,1.4247799275343225,2.2432226542762876,2.2077730439399033,2.148174795694121,4.229313746297753,-0.28041674875749845,12.556883706467984,4.265346206940385,4.191050179402265
20.0,78,74.68443584442139,0.4096789978653127,1.4764186952833362,1.4626089834412428,1.4247798450004938,2.243222986427474,2.2077730277100462,2.14817467922097,4.229364566492858,-0.2804240542179103,12.55661302773922,4.265406532987609,4.191090820091438
20.0,79,72.32062077522278,0.40967887060467517,1.4764184437116095,1.462609003403517,1.424779700991306,2.2432236502436913,2.2077729785260316,2.1481744741901703,4.229463387462477,-0.28043777562743816,12.556034196769325,4.265521582457362,4.1911722633558615
20.0,80,180.188645362854,4.288225938408945,1.5249002182245666,1.377576163678323,1.3123898836463488,2.2050901957774034,2.2618254569578293,2.1901146392159356,18.719219120981624,1.1187558925966612,37.39184027802971,21.541697876327344,15.191864976074518
20.0,81,154.29199147224426,0.40967887200352204,1.4764184666904612,1.4626090024768361,1.4247797001177631,2.243223591880689,2.2077729757753457,2.14817447565468,4.229453997164209,-0.28043693610704895,12.556036624491268,4.265513176672994,4.191161817592031
20.0,82,87.83560299873352,2.7190726322275123,1.471652582452147,1.4594459897223615,1.437690101963009,2.2450914528252275,2.2153147390798735,2.1487968703490252,15.41733961742802,-1.112380447692755,34.96420678128208,15.374821740049617,15.46196896891729
20.0,83,52.490970611572266,0.40967906337409654,1.476418794292182,1.4626089883766635,1.424779899791021,2.243222767605912,2.2077730330707936,2.148174764717211,4.229328058089755,-0.2804192487862342,12.556775555951226,4.265364021046577,4.19106074033326
20.0,84,92.45669889450073,0.40967899100180044,1.4764186746595334,1.4626089861266436,1.4247798342311528,2.2432230435907625,2.207773022990576,2.148174666472334,4.22937218833753,-0.280425301156201,12.556561480224925,4.2654155543318915,4.191096943265305
20.0,85,42.331441164016724,0.40967883076272166,1.4764183701462719,1.4626090218778407,1.4247796354197486,2.2432238857915454,2.2077729362219127,2.148174381057199,4.229497510064723,-0.28044260770705143,12.555720125030996,4.265563996442536,4.191197506071928
20.0,86,133.44155502319336,4.569874664655683,1.4109124651584328,1.3782735041789442,1.3752246430709052,2.15750582796557,2.2942141299434997,2.1820582384316025,20.896407497909255,0.6862662383475348,37.39184027802976,21.32854504300915,20.431654148191676
20.0,87,49.93169021606445,0.40967885653466435,1.4764184156810216,1.4626090129148204,1.4247796770110461,2.2432237477798864,2.207772966285659,2.148174448542037,4.229473805539015,-0.28044008702581835,12.55591472725721,4.265535755499458,4.1911786595495
20.0,88,100.26633214950562,3.7565668829686656,1.4734461905730094,1.454213847917418,1.4381405792205828,2.2233304594757515,2.1885913161925896,2.1449608932531663,15.81884610109511,4.221646188862363,37.391840278028255,16.670277518969648,14.870027670745232
20.0,89,72.57593560218811,3.6697573785672044,1.4339136413117382,1.456243050481011,1.4181476410056946,2.317467911016377,2.1841972109225782,2.1405842616981094,14.026270859214666,-3.9500891887657974,35.0743393958725,15.110316902756912,12.786261451860417
20.0,90,69.13899540901184,0.40967886891134975,1.4764184570564964,1.4626090028383922,1.4247796948060842,2.2432236142241964,2.2077729751099233,2.148174475312119,4.229455221571197,-0.28043739800955036,12.556025720380125,4.265514866847734,4.191162543117412
20.0,91,64.148916721344,3.6706774521725314,1.432292644976137,1.456723970494481,1.4178081847911395,2.317467911016377,2.1832933263943497,2.14141967107568,13.985021343215038,-3.8923701109797526,35.07433939587253,15.010611417251997,12.81709991510582
20.0,92,62.607426404953,0.40967885130671133,1.476418390465936,1.4626090181572995,1.4247796657431113,2.243223825415637,2.2077729548537017,2.14817442269696,4.229486617808398,-0.28044138085839143,12.555838307782073,4.265549672120539,4.191190289743977
20.0,93,54.5647554397583,0.40967885881194294,1.4764184487958931,1.4626090000358214,1.4247796898206389,2.243223625687414,2.20777297628705,2.1481744636560665,4.229459136478459,-0.28043757408731823,12.556021981402024,4.2655189940673415,4.191166230886339
20.0,94,70.32914876937866,0.40967903073603235,1.476418749021784,1.462608984915379,1.4247798702407537,2.243222862244331,2.2077730274950094,2.1481747223829033,4.2293432014139105,-0.28042131350400906,12.556694053472386,4.265382323591351,4.191072500411381
20.0,95,89.2966845035553,2.942037415925792,1.5249002182245666,1.3836641827928964,1.433874645845315,2.1750370716117895,2.221311428000086,2.223453243102217,18.810935324402504,-1.3325003118557532,35.07433939587253,18.879930370840032,18.738034507976078
20.0,96,71.25043272972107,0.409678870027167,1.4764184562619809,1.462609002215051,1.4247796978855813,2.243223614341369,2.2077729756492395,2.14817447575649,4.229456599202021,-0.28043725918565016,12.556032673540445,4.2655155930426,4.191164618745238
20.0,97,74.9186840057373,3.7830766869889882,1.4232136857384556,1.4339177210953675,1.4694434558559717,2.3174675751892475,2.2506513259260057,2.223453243102217,16.744769117838153,-2.9169223243560136,34.96420695754283,17.281658154359796,16.160364522164677
20.0,98,144.95914244651794,4.288183206392978,1.5249002182245548,1.3775671496038429,1.312366160140416,2.205014385717538,2.2617632448412603,2.1900530148370723,18.718648268063884,1.1210221210300875,37.39184027802971,21.539791371175642,15.193266652803622
20.0,99,50.26314330101013,0.4096788544824364,1.4764184305942096,1.4626090104834413,1.424779678694506,2.2432237031224997,2.2077729703449838,2.1481744577245814,4.229465272505807,-0.2804393976523364,12.555943323732539,4.2655273134053475,4.191170028410175
